upload: upload/Acoma_Pueblo.zip to s3://native-resilience/projections/Acoma_Pueblo.zip
upload: upload/Agua_Caliente_Indian_Reservation.zip to s3://native-resilience/projections/Agua_Caliente_Indian_Reservation.zip
upload: upload/Akhiok_ANVSA.zip to s3://native-resilience/projections/Akhiok_ANVSA.zip
upload: upload/Adai_Caddo_SDTSA.zip to s3://native-resilience/projections/Adai_Caddo_SDTSA.zip
upload: upload/Akiachak_ANVSA.zip to s3://native-resilience/projections/Akiachak_ANVSA.zip
upload: upload/Akiak_ANVSA.zip to s3://native-resilience/projections/Akiak_ANVSA.zip
upload: upload/Akutan_ANVSA.zip to s3://native-resilience/projections/Akutan_ANVSA.zip
upload: upload/Alabama-Coushatta_Reservation.zip to s3://native-resilience/projections/Alabama-Coushatta_Reservation.zip
upload: upload/Alakanuk_ANVSA.zip to s3://native-resilience/projections/Alakanuk_ANVSA.zip
upload: upload/Alatna_ANVSA.zip to s3://native-resilience/projections/Alatna_ANVSA.zip
upload: upload/Aleknagik_ANVSA.zip to s3://native-resilience/projections/Aleknagik_ANVSA.zip
upload: upload/Algaaciq_ANVSA.zip to s3://native-resilience/projections/Algaaciq_ANVSA.zip
upload: upload/Allakaket_ANVSA.zip to s3://native-resilience/projections/Allakaket_ANVSA.zip
upload: upload/Allegany_Reservation.zip to s3://native-resilience/projections/Allegany_Reservation.zip
upload: upload/Alturas_Indian_Rancheria.zip to s3://native-resilience/projections/Alturas_Indian_Rancheria.zip
upload: upload/Ambler_ANVSA.zip to s3://native-resilience/projections/Ambler_ANVSA.zip
upload: upload/Anaktuvuk_Pass_ANVSA.zip to s3://native-resilience/projections/Anaktuvuk_Pass_ANVSA.zip
upload: upload/Andreafsky_ANVSA.zip to s3://native-resilience/projections/Andreafsky_ANVSA.zip
upload: upload/Angoon_ANVSA.zip to s3://native-resilience/projections/Angoon_ANVSA.zip
upload: upload/Aniak_ANVSA.zip to s3://native-resilience/projections/Aniak_ANVSA.zip
upload: upload/Annette_Island_Reserve.zip to s3://native-resilience/projections/Annette_Island_Reserve.zip
upload: upload/Anvik_ANVSA.zip to s3://native-resilience/projections/Anvik_ANVSA.zip
upload: upload/Arctic_Village_ANVSA.zip to s3://native-resilience/projections/Arctic_Village_ANVSA.zip
upload: upload/Atka_ANVSA.zip to s3://native-resilience/projections/Atka_ANVSA.zip
upload: upload/Apache_Choctaw_SDTSA.zip to s3://native-resilience/projections/Apache_Choctaw_SDTSA.zip
upload: upload/Atmautluak_ANVSA.zip to s3://native-resilience/projections/Atmautluak_ANVSA.zip
upload: upload/Atqasuk_ANVSA.zip to s3://native-resilience/projections/Atqasuk_ANVSA.zip
upload: upload/Auburn_Rancheria.zip to s3://native-resilience/projections/Auburn_Rancheria.zip
upload: upload/Augustine_Reservation.zip to s3://native-resilience/projections/Augustine_Reservation.zip
upload: upload/Bad_River_Reservation.zip to s3://native-resilience/projections/Bad_River_Reservation.zip
upload: upload/Barona_Reservation.zip to s3://native-resilience/projections/Barona_Reservation.zip
upload: upload/Barrow_ANVSA.zip to s3://native-resilience/projections/Barrow_ANVSA.zip
upload: upload/Battle_Mountain_Reservation.zip to s3://native-resilience/projections/Battle_Mountain_Reservation.zip
upload: upload/Bay_Mills_Reservation.zip to s3://native-resilience/projections/Bay_Mills_Reservation.zip
upload: upload/Bayou_Lafourche_SDTSA.zip to s3://native-resilience/projections/Bayou_Lafourche_SDTSA.zip
upload: upload/Beaver_ANVSA.zip to s3://native-resilience/projections/Beaver_ANVSA.zip
upload: upload/Beaver_Creek_SDTSA.zip to s3://native-resilience/projections/Beaver_Creek_SDTSA.zip
upload: upload/Belkofski_ANVSA.zip to s3://native-resilience/projections/Belkofski_ANVSA.zip
upload: upload/Benton_Paiute_Reservation.zip to s3://native-resilience/projections/Benton_Paiute_Reservation.zip
upload: upload/Berry_Creek_Rancheria.zip to s3://native-resilience/projections/Berry_Creek_Rancheria.zip
upload: upload/Bethel_ANVSA.zip to s3://native-resilience/projections/Bethel_ANVSA.zip
upload: upload/Big_Bend_Rancheria.zip to s3://native-resilience/projections/Big_Bend_Rancheria.zip
upload: upload/Big_Cypress_Reservation.zip to s3://native-resilience/projections/Big_Cypress_Reservation.zip
upload: upload/Big_Lagoon_Rancheria.zip to s3://native-resilience/projections/Big_Lagoon_Rancheria.zip
upload: upload/Big_Sandy_Rancheria.zip to s3://native-resilience/projections/Big_Sandy_Rancheria.zip
upload: upload/Big_Valley_Rancheria.zip to s3://native-resilience/projections/Big_Valley_Rancheria.zip
upload: upload/Bill_Moore's_ANVSA.zip to s3://native-resilience/projections/Bill_Moore's_ANVSA.zip
upload: upload/Big_Pine_Reservation.zip to s3://native-resilience/projections/Big_Pine_Reservation.zip
upload: upload/Birch_Creek_ANVSA.zip to s3://native-resilience/projections/Birch_Creek_ANVSA.zip
upload: upload/Bishop_Reservation.zip to s3://native-resilience/projections/Bishop_Reservation.zip
upload: upload/Blue_Lake_Rancheria.zip to s3://native-resilience/projections/Blue_Lake_Rancheria.zip
upload: upload/Blackfeet_Indian_Reservation.zip to s3://native-resilience/projections/Blackfeet_Indian_Reservation.zip
upload: upload/Bois_Forte_Reservation.zip to s3://native-resilience/projections/Bois_Forte_Reservation.zip
upload: upload/Brevig_Mission_ANVSA.zip to s3://native-resilience/projections/Brevig_Mission_ANVSA.zip
upload: upload/Bridgeport_Reservation.zip to s3://native-resilience/projections/Bridgeport_Reservation.zip
upload: upload/Buckland_ANVSA.zip to s3://native-resilience/projections/Buckland_ANVSA.zip
upload: upload/Burns_Paiute_Indian_Colony.zip to s3://native-resilience/projections/Burns_Paiute_Indian_Colony.zip
upload: upload/Brighton_Reservation.zip to s3://native-resilience/projections/Brighton_Reservation.zip
upload: upload/Cabazon_Reservation.zip to s3://native-resilience/projections/Cabazon_Reservation.zip
upload: upload/Caddo-Wichita-Delaware_OTSA.zip to s3://native-resilience/projections/Caddo-Wichita-Delaware_OTSA.zip
upload: upload/Cahuilla_Reservation.zip to s3://native-resilience/projections/Cahuilla_Reservation.zip
upload: upload/Campo_Indian_Reservation.zip to s3://native-resilience/projections/Campo_Indian_Reservation.zip
upload: upload/Campbell_Ranch.zip to s3://native-resilience/projections/Campbell_Ranch.zip
upload: upload/Cantwell_ANVSA.zip to s3://native-resilience/projections/Cantwell_ANVSA.zip
upload: upload/Canyon_Village_ANVSA.zip to s3://native-resilience/projections/Canyon_Village_ANVSA.zip
upload: upload/Carson_Colony.zip to s3://native-resilience/projections/Carson_Colony.zip
upload: upload/Capitan_Grande_Reservation.zip to s3://native-resilience/projections/Capitan_Grande_Reservation.zip
upload: upload/Catawba_Reservation.zip to s3://native-resilience/projections/Catawba_Reservation.zip
upload: upload/Cattaraugus_Reservation.zip to s3://native-resilience/projections/Cattaraugus_Reservation.zip
upload: upload/Cedarville_Rancheria.zip to s3://native-resilience/projections/Cedarville_Rancheria.zip
upload: upload/Cayuga_Nation_TDSA.zip to s3://native-resilience/projections/Cayuga_Nation_TDSA.zip
upload: upload/Chefornak_ANVSA.zip to s3://native-resilience/projections/Chefornak_ANVSA.zip
upload: upload/Chalkyitsik_ANVSA.zip to s3://native-resilience/projections/Chalkyitsik_ANVSA.zip
upload: upload/Chehalis_Reservation.zip to s3://native-resilience/projections/Chehalis_Reservation.zip
upload: upload/Chemehuevi_Reservation.zip to s3://native-resilience/projections/Chemehuevi_Reservation.zip
upload: upload/Chenega_ANVSA.zip to s3://native-resilience/projections/Chenega_ANVSA.zip
upload: upload/Cher-O-Creek_SDTSA.zip to s3://native-resilience/projections/Cher-O-Creek_SDTSA.zip
upload: upload/Cherokee_OTSA.zip to s3://native-resilience/projections/Cherokee_OTSA.zip
upload: upload/Cherokee_Tribe_of_Northeast_Alabama_SDTSA.zip to s3://native-resilience/projections/Cherokee_Tribe_of_Northeast_Alabama_SDTSA.zip
upload: upload/Cheyenne_and_Arapaho_OTSA.zip to s3://native-resilience/projections/Cheyenne_and_Arapaho_OTSA.zip
upload: upload/Cheyenne_River_Reservation.zip to s3://native-resilience/projections/Cheyenne_River_Reservation.zip
upload: upload/Chickahominy_TDSA.zip to s3://native-resilience/projections/Chickahominy_TDSA.zip
upload: upload/Chickaloon_ANVSA.zip to s3://native-resilience/projections/Chickaloon_ANVSA.zip
upload: upload/Chevak_ANVSA.zip to s3://native-resilience/projections/Chevak_ANVSA.zip
upload: upload/Chickasaw_OTSA.zip to s3://native-resilience/projections/Chickasaw_OTSA.zip
upload: upload/Chignik_ANVSA.zip to s3://native-resilience/projections/Chignik_ANVSA.zip
upload: upload/Chignik_Lagoon_ANVSA.zip to s3://native-resilience/projections/Chignik_Lagoon_ANVSA.zip
upload: upload/Chicken_Ranch_Rancheria.zip to s3://native-resilience/projections/Chicken_Ranch_Rancheria.zip
upload: upload/Chignik_Lake_ANVSA.zip to s3://native-resilience/projections/Chignik_Lake_ANVSA.zip
upload: upload/Chilkat_ANVSA.zip to s3://native-resilience/projections/Chilkat_ANVSA.zip
upload: upload/Chistochina_ANVSA.zip to s3://native-resilience/projections/Chistochina_ANVSA.zip
upload: upload/Chitina_ANVSA.zip to s3://native-resilience/projections/Chitina_ANVSA.zip
upload: upload/Chilkoot_ANVSA.zip to s3://native-resilience/projections/Chilkoot_ANVSA.zip
upload: upload/Chitimacha_Reservation.zip to s3://native-resilience/projections/Chitimacha_Reservation.zip
upload: upload/Choctaw_OTSA.zip to s3://native-resilience/projections/Choctaw_OTSA.zip
upload: upload/Chuathbaluk_ANVSA.zip to s3://native-resilience/projections/Chuathbaluk_ANVSA.zip
upload: upload/Circle_ANVSA.zip to s3://native-resilience/projections/Circle_ANVSA.zip
upload: upload/Chuloonawick_ANVSA.zip to s3://native-resilience/projections/Chuloonawick_ANVSA.zip
upload: upload/Citizen_Potawatomi_Nation-Absentee_Shawnee_OTSA.zip to s3://native-resilience/projections/Citizen_Potawatomi_Nation-Absentee_Shawnee_OTSA.zip
upload: upload/Clarks_Point_ANVSA.zip to s3://native-resilience/projections/Clarks_Point_ANVSA.zip
upload: upload/Cocopah_Reservation.zip to s3://native-resilience/projections/Cocopah_Reservation.zip
upload: upload/Clifton_Choctaw_SDTSA.zip to s3://native-resilience/projections/Clifton_Choctaw_SDTSA.zip
upload: upload/Coeur_d'Alene_Reservation.zip to s3://native-resilience/projections/Coeur_d'Alene_Reservation.zip
upload: upload/Coharie_SDTSA.zip to s3://native-resilience/projections/Coharie_SDTSA.zip
upload: upload/Cold_Springs_Rancheria.zip to s3://native-resilience/projections/Cold_Springs_Rancheria.zip
upload: upload/Colorado_River_Indian_Reservation.zip to s3://native-resilience/projections/Colorado_River_Indian_Reservation.zip
upload: upload/Colville_Reservation.zip to s3://native-resilience/projections/Colville_Reservation.zip
upload: upload/Colusa_Rancheria.zip to s3://native-resilience/projections/Colusa_Rancheria.zip
upload: upload/Coos,_Lower_Umpqua,_and_Siuslaw_Reservation.zip to s3://native-resilience/projections/Coos,_Lower_Umpqua,_and_Siuslaw_Reservation.zip
upload: upload/Copper_Center_ANVSA.zip to s3://native-resilience/projections/Copper_Center_ANVSA.zip
upload: upload/Coquille_Reservation.zip to s3://native-resilience/projections/Coquille_Reservation.zip
upload: upload/Cortina_Indian_Rancheria.zip to s3://native-resilience/projections/Cortina_Indian_Rancheria.zip
upload: upload/Council_ANVSA.zip to s3://native-resilience/projections/Council_ANVSA.zip
upload: upload/Coushatta_Reservation.zip to s3://native-resilience/projections/Coushatta_Reservation.zip
upload failed: upload/Cowlitz_Reservation.zip to s3://native-resilience/projections/Cowlitz_Reservation.zip Could not connect to the endpoint URL: "https://oidc.us-west-2.amazonaws.com/token"
upload failed: upload/Cow_Creek_Reservation.zip to s3://native-resilience/projections/Cow_Creek_Reservation.zip Could not connect to the endpoint URL: "https://oidc.us-west-2.amazonaws.com/token"
upload failed: upload/Coyote_Valley_Reservation.zip to s3://native-resilience/projections/Coyote_Valley_Reservation.zip Could not connect to the endpoint URL: "https://oidc.us-west-2.amazonaws.com/token"
upload failed: upload/Craig_ANVSA.zip to s3://native-resilience/projections/Craig_ANVSA.zip Could not connect to the endpoint URL: "https://oidc.us-west-2.amazonaws.com/token"
upload failed: upload/Creek_and_Seminole_joint-use_OTSA.zip to s3://native-resilience/projections/Creek_and_Seminole_joint-use_OTSA.zip Could not connect to the endpoint URL: "https://oidc.us-west-2.amazonaws.com/token"
upload failed: upload/Crooked_Creek_ANVSA.zip to s3://native-resilience/projections/Crooked_Creek_ANVSA.zip Could not connect to the endpoint URL: "https://oidc.us-west-2.amazonaws.com/token"
upload failed: upload/Crow_Reservation.zip to s3://native-resilience/projections/Crow_Reservation.zip Could not connect to the endpoint URL: "https://oidc.us-west-2.amazonaws.com/token"
upload failed: upload/Crow_Creek_Reservation.zip to s3://native-resilience/projections/Crow_Creek_Reservation.zip Could not connect to the endpoint URL: "https://oidc.us-west-2.amazonaws.com/token"
upload failed: upload/Creek_OTSA.zip to s3://native-resilience/projections/Creek_OTSA.zip Could not connect to the endpoint URL: "https://oidc.us-west-2.amazonaws.com/token"
upload failed: upload/Deering_ANVSA.zip to s3://native-resilience/projections/Deering_ANVSA.zip Could not connect to the endpoint URL: "https://oidc.us-west-2.amazonaws.com/token"
upload failed: upload/Dillingham_ANVSA.zip to s3://native-resilience/projections/Dillingham_ANVSA.zip Could not connect to the endpoint URL: "https://oidc.us-west-2.amazonaws.com/token"
upload failed: upload/Dot_Lake_ANVSA.zip to s3://native-resilience/projections/Dot_Lake_ANVSA.zip Could not connect to the endpoint URL: "https://oidc.us-west-2.amazonaws.com/token"
upload failed: upload/Dresslerville_Colony.zip to s3://native-resilience/projections/Dresslerville_Colony.zip Could not connect to the endpoint URL: "https://oidc.us-west-2.amazonaws.com/token"
upload failed: upload/Douglas_ANVSA.zip to s3://native-resilience/projections/Douglas_ANVSA.zip Could not connect to the endpoint URL: "https://oidc.us-west-2.amazonaws.com/token"
upload failed: upload/Dry_Creek_Rancheria.zip to s3://native-resilience/projections/Dry_Creek_Rancheria.zip Could not connect to the endpoint URL: "https://oidc.us-west-2.amazonaws.com/token"
upload failed: upload/Duck_Valley_Reservation.zip to s3://native-resilience/projections/Duck_Valley_Reservation.zip Could not connect to the endpoint URL: "https://oidc.us-west-2.amazonaws.com/token"
upload failed: upload/Duckwater_Reservation.zip to s3://native-resilience/projections/Duckwater_Reservation.zip Could not connect to the endpoint URL: "https://oidc.us-west-2.amazonaws.com/token"
upload failed: upload/Eagle_ANVSA.zip to s3://native-resilience/projections/Eagle_ANVSA.zip Could not connect to the endpoint URL: "https://oidc.us-west-2.amazonaws.com/token"
upload failed: upload/Eastern_Cherokee_Reservation.zip to s3://native-resilience/projections/Eastern_Cherokee_Reservation.zip Could not connect to the endpoint URL: "https://oidc.us-west-2.amazonaws.com/token"
upload failed: upload/Eastern_Chickahominy_TDSA.zip to s3://native-resilience/projections/Eastern_Chickahominy_TDSA.zip Could not connect to the endpoint URL: "https://oidc.us-west-2.amazonaws.com/token"
upload failed: upload/Echota_Cherokee_SDTSA.zip to s3://native-resilience/projections/Echota_Cherokee_SDTSA.zip Could not connect to the endpoint URL: "https://oidc.us-west-2.amazonaws.com/token"
upload failed: upload/Eastern_Shawnee_OTSA.zip to s3://native-resilience/projections/Eastern_Shawnee_OTSA.zip Could not connect to the endpoint URL: "https://oidc.us-west-2.amazonaws.com/token"
upload failed: upload/Eek_ANVSA.zip to s3://native-resilience/projections/Eek_ANVSA.zip Could not connect to the endpoint URL: "https://oidc.us-west-2.amazonaws.com/token"
upload failed: upload/Edisto_Natchez_Kusso_SDTSA.zip to s3://native-resilience/projections/Edisto_Natchez_Kusso_SDTSA.zip Could not connect to the endpoint URL: "https://oidc.us-west-2.amazonaws.com/token"
upload failed: upload/Egegik_ANVSA.zip to s3://native-resilience/projections/Egegik_ANVSA.zip Could not connect to the endpoint URL: "https://oidc.us-west-2.amazonaws.com/token"
upload failed: upload/Ekuk_ANVSA.zip to s3://native-resilience/projections/Ekuk_ANVSA.zip Could not connect to the endpoint URL: "https://oidc.us-west-2.amazonaws.com/token"
upload failed: upload/Eklutna_ANVSA.zip to s3://native-resilience/projections/Eklutna_ANVSA.zip Could not connect to the endpoint URL: "https://oidc.us-west-2.amazonaws.com/token"
upload failed: upload/Elim_ANVSA.zip to s3://native-resilience/projections/Elim_ANVSA.zip Could not connect to the endpoint URL: "https://oidc.us-west-2.amazonaws.com/token"
upload failed: upload/Ekwok_ANVSA.zip to s3://native-resilience/projections/Ekwok_ANVSA.zip Could not connect to the endpoint URL: "https://oidc.us-west-2.amazonaws.com/token"
upload failed: upload/Elk_Valley_Rancheria.zip to s3://native-resilience/projections/Elk_Valley_Rancheria.zip Could not connect to the endpoint URL: "https://oidc.us-west-2.amazonaws.com/token"
upload failed: upload/Elko_Colony.zip to s3://native-resilience/projections/Elko_Colony.zip Could not connect to the endpoint URL: "https://oidc.us-west-2.amazonaws.com/token"
upload failed: upload/Ely_Reservation.zip to s3://native-resilience/projections/Ely_Reservation.zip Could not connect to the endpoint URL: "https://oidc.us-west-2.amazonaws.com/token"
upload failed: upload/Emmonak_ANVSA.zip to s3://native-resilience/projections/Emmonak_ANVSA.zip Could not connect to the endpoint URL: "https://oidc.us-west-2.amazonaws.com/token"
upload failed: upload/Evansville_ANVSA.zip to s3://native-resilience/projections/Evansville_ANVSA.zip Could not connect to the endpoint URL: "https://oidc.us-west-2.amazonaws.com/token"
upload failed: upload/Enterprise_Rancheria.zip to s3://native-resilience/projections/Enterprise_Rancheria.zip Could not connect to the endpoint URL: "https://oidc.us-west-2.amazonaws.com/token"
upload failed: upload/Ewiiaapaayp_Reservation.zip to s3://native-resilience/projections/Ewiiaapaayp_Reservation.zip Could not connect to the endpoint URL: "https://oidc.us-west-2.amazonaws.com/token"
upload failed: upload/Eyak_ANVSA.zip to s3://native-resilience/projections/Eyak_ANVSA.zip Could not connect to the endpoint URL: "https://oidc.us-west-2.amazonaws.com/token"
upload failed: upload/Fallon_Paiute-Shoshone_Colony.zip to s3://native-resilience/projections/Fallon_Paiute-Shoshone_Colony.zip Could not connect to the endpoint URL: "https://oidc.us-west-2.amazonaws.com/token"
upload failed: upload/Fallon_Paiute-Shoshone_Reservation.zip to s3://native-resilience/projections/Fallon_Paiute-Shoshone_Reservation.zip Could not connect to the endpoint URL: "https://oidc.us-west-2.amazonaws.com/token"
upload failed: upload/False_Pass_ANVSA.zip to s3://native-resilience/projections/False_Pass_ANVSA.zip Could not connect to the endpoint URL: "https://oidc.us-west-2.amazonaws.com/token"
upload failed: upload/Flandreau_Reservation.zip to s3://native-resilience/projections/Flandreau_Reservation.zip Could not connect to the endpoint URL: "https://oidc.us-west-2.amazonaws.com/token"
upload failed: upload/Flathead_Reservation.zip to s3://native-resilience/projections/Flathead_Reservation.zip Could not connect to the endpoint URL: "https://oidc.us-west-2.amazonaws.com/token"
upload failed: upload/Fond_du_Lac_Reservation.zip to s3://native-resilience/projections/Fond_du_Lac_Reservation.zip Could not connect to the endpoint URL: "https://oidc.us-west-2.amazonaws.com/token"
upload failed: upload/Fort_Apache_Reservation.zip to s3://native-resilience/projections/Fort_Apache_Reservation.zip Could not connect to the endpoint URL: "https://oidc.us-west-2.amazonaws.com/token"
upload failed: upload/Fort_Bidwell_Reservation.zip to s3://native-resilience/projections/Fort_Bidwell_Reservation.zip Could not connect to the endpoint URL: "https://oidc.us-west-2.amazonaws.com/token"
upload failed: upload/Fort_Belknap_Reservation.zip to s3://native-resilience/projections/Fort_Belknap_Reservation.zip Could not connect to the endpoint URL: "https://oidc.us-west-2.amazonaws.com/token"
upload failed: upload/Forest_County_Potawatomi_Community.zip to s3://native-resilience/projections/Forest_County_Potawatomi_Community.zip Could not connect to the endpoint URL: "https://oidc.us-west-2.amazonaws.com/token"
upload failed: upload/Fort_Independence_Reservation.zip to s3://native-resilience/projections/Fort_Independence_Reservation.zip Could not connect to the endpoint URL: "https://oidc.us-west-2.amazonaws.com/token"
upload failed: upload/Fort_McDermitt_Indian_Reservation.zip to s3://native-resilience/projections/Fort_McDermitt_Indian_Reservation.zip Could not connect to the endpoint URL: "https://oidc.us-west-2.amazonaws.com/token"
upload failed: upload/Fort_Peck_Indian_Reservation.zip to s3://native-resilience/projections/Fort_Peck_Indian_Reservation.zip Could not connect to the endpoint URL: "https://oidc.us-west-2.amazonaws.com/token"
upload failed: upload/Fort_Pierce_Reservation.zip to s3://native-resilience/projections/Fort_Pierce_Reservation.zip Could not connect to the endpoint URL: "https://oidc.us-west-2.amazonaws.com/token"
upload failed: upload/Fort_Sill_Apache_Indian_Reservation.zip to s3://native-resilience/projections/Fort_Sill_Apache_Indian_Reservation.zip Could not connect to the endpoint URL: "https://oidc.us-west-2.amazonaws.com/token"
upload failed: upload/Fort_McDowell_Yavapai_Nation_Reservation.zip to s3://native-resilience/projections/Fort_McDowell_Yavapai_Nation_Reservation.zip Could not connect to the endpoint URL: "https://oidc.us-west-2.amazonaws.com/token"
upload failed: upload/Fort_Yukon_ANVSA.zip to s3://native-resilience/projections/Fort_Yukon_ANVSA.zip Could not connect to the endpoint URL: "https://oidc.us-west-2.amazonaws.com/token"
upload failed: upload/Four_Winds_Cherokee_SDTSA.zip to s3://native-resilience/projections/Four_Winds_Cherokee_SDTSA.zip Could not connect to the endpoint URL: "https://oidc.us-west-2.amazonaws.com/token"
upload failed: upload/Fort_Berthold_Reservation.zip to s3://native-resilience/projections/Fort_Berthold_Reservation.zip Could not connect to the endpoint URL: "https://oidc.us-west-2.amazonaws.com/token"
upload failed: upload/Fort_Hall_Reservation.zip to s3://native-resilience/projections/Fort_Hall_Reservation.zip Could not connect to the endpoint URL: "https://oidc.us-west-2.amazonaws.com/token"
upload failed: upload/Gakona_ANVSA.zip to s3://native-resilience/projections/Gakona_ANVSA.zip Could not connect to the endpoint URL: "https://oidc.us-west-2.amazonaws.com/token"
upload failed: upload/Fort_Mojave_Reservation.zip to s3://native-resilience/projections/Fort_Mojave_Reservation.zip Could not connect to the endpoint URL: "https://oidc.us-west-2.amazonaws.com/token"
upload failed: upload/Galena_ANVSA.zip to s3://native-resilience/projections/Galena_ANVSA.zip Could not connect to the endpoint URL: "https://oidc.us-west-2.amazonaws.com/token"
upload failed: upload/Gila_River_Indian_Reservation.zip to s3://native-resilience/projections/Gila_River_Indian_Reservation.zip Could not connect to the endpoint URL: "https://oidc.us-west-2.amazonaws.com/token"
upload failed: upload/Fort_Yuma_Indian_Reservation.zip to s3://native-resilience/projections/Fort_Yuma_Indian_Reservation.zip Could not connect to the endpoint URL: "https://oidc.us-west-2.amazonaws.com/token"
upload failed: upload/Golden_Hill_Paugussett_(state)_Reservation.zip to s3://native-resilience/projections/Golden_Hill_Paugussett_(state)_Reservation.zip Could not connect to the endpoint URL: "https://oidc.us-west-2.amazonaws.com/token"
upload failed: upload/Goodnews_Bay_ANVSA.zip to s3://native-resilience/projections/Goodnews_Bay_ANVSA.zip Could not connect to the endpoint URL: "https://oidc.us-west-2.amazonaws.com/token"
upload failed: upload/Goshute_Reservation.zip to s3://native-resilience/projections/Goshute_Reservation.zip Could not connect to the endpoint URL: "https://oidc.us-west-2.amazonaws.com/token"
upload failed: upload/Grand_Caillou_and_Dulac_SDTSA.zip to s3://native-resilience/projections/Grand_Caillou_and_Dulac_SDTSA.zip Could not connect to the endpoint URL: "https://oidc.us-west-2.amazonaws.com/token"
upload failed: upload/Grand_Portage_Reservation.zip to s3://native-resilience/projections/Grand_Portage_Reservation.zip Could not connect to the endpoint URL: "https://oidc.us-west-2.amazonaws.com/token"
upload failed: upload/Georgia_Tribe_of_Eastern_Cherokee_SDTSA.zip to s3://native-resilience/projections/Georgia_Tribe_of_Eastern_Cherokee_SDTSA.zip Could not connect to the endpoint URL: "https://oidc.us-west-2.amazonaws.com/token"
upload failed: upload/Grand_Traverse_Reservation.zip to s3://native-resilience/projections/Grand_Traverse_Reservation.zip Could not connect to the endpoint URL: "https://oidc.us-west-2.amazonaws.com/token"
upload failed: upload/Grayling_ANVSA.zip to s3://native-resilience/projections/Grayling_ANVSA.zip Could not connect to the endpoint URL: "https://oidc.us-west-2.amazonaws.com/token"
upload failed: upload/Gambell_ANVSA.zip to s3://native-resilience/projections/Gambell_ANVSA.zip Could not connect to the endpoint URL: "https://oidc.us-west-2.amazonaws.com/token"
upload failed: upload/Greenville_Rancheria.zip to s3://native-resilience/projections/Greenville_Rancheria.zip Could not connect to the endpoint URL: "https://oidc.us-west-2.amazonaws.com/token"
upload failed: upload/Guidiville_Rancheria.zip to s3://native-resilience/projections/Guidiville_Rancheria.zip Could not connect to the endpoint URL: "https://oidc.us-west-2.amazonaws.com/token"
upload failed: upload/Gulkana_ANVSA.zip to s3://native-resilience/projections/Gulkana_ANVSA.zip Could not connect to the endpoint URL: "https://oidc.us-west-2.amazonaws.com/token"
upload failed: upload/Haliwa-Saponi_SDTSA.zip to s3://native-resilience/projections/Haliwa-Saponi_SDTSA.zip Could not connect to the endpoint URL: "https://oidc.us-west-2.amazonaws.com/token"
upload failed: upload/Hamilton_ANVSA.zip to s3://native-resilience/projections/Hamilton_ANVSA.zip Could not connect to the endpoint URL: "https://oidc.us-west-2.amazonaws.com/token"
upload failed: upload/Hannahville_Indian_Community.zip to s3://native-resilience/projections/Hannahville_Indian_Community.zip Could not connect to the endpoint URL: "https://oidc.us-west-2.amazonaws.com/token"
upload failed: upload/Golovin_ANVSA.zip to s3://native-resilience/projections/Golovin_ANVSA.zip Could not connect to the endpoint URL: "https://oidc.us-west-2.amazonaws.com/token"
upload failed: upload/Georgetown_ANVSA.zip to s3://native-resilience/projections/Georgetown_ANVSA.zip Could not connect to the endpoint URL: "https://oidc.us-west-2.amazonaws.com/token"
upload failed: upload/Grindstone_Indian_Rancheria.zip to s3://native-resilience/projections/Grindstone_Indian_Rancheria.zip Could not connect to the endpoint URL: "https://oidc.us-west-2.amazonaws.com/token"
upload failed: upload/Hawai‘i_Climate_Divisions_—_Hawai‘i_Mauka.zip to s3://native-resilience/projections/Hawai‘i_Climate_Divisions_—_Hawai‘i_Mauka.zip Could not connect to the endpoint URL: "https://oidc.us-west-2.amazonaws.com/token"
upload failed: upload/Hawai‘i_Climate_Divisions_—_Hilo.zip to s3://native-resilience/projections/Hawai‘i_Climate_Divisions_—_Hilo.zip Could not connect to the endpoint URL: "https://oidc.us-west-2.amazonaws.com/token"
upload failed: upload/Havasupai_Reservation.zip to s3://native-resilience/projections/Havasupai_Reservation.zip Could not connect to the endpoint URL: "https://oidc.us-west-2.amazonaws.com/token"
upload failed: upload/Hassanamisco_(state)_Reservation.zip to s3://native-resilience/projections/Hassanamisco_(state)_Reservation.zip Could not connect to the endpoint URL: "https://oidc.us-west-2.amazonaws.com/token"
upload failed: upload/Hawai‘i_Climate_Divisions_—_Ko‘olau.zip to s3://native-resilience/projections/Hawai‘i_Climate_Divisions_—_Ko‘olau.zip Could not connect to the endpoint URL: "https://oidc.us-west-2.amazonaws.com/token"
upload failed: upload/Hawai‘i_Climate_Divisions_—_Kona.zip to s3://native-resilience/projections/Hawai‘i_Climate_Divisions_—_Kona.zip Could not connect to the endpoint URL: "https://oidc.us-west-2.amazonaws.com/token"
upload failed: upload/Hawai‘i_Climate_Divisions_—_Leeward_Kaua‘i.zip to s3://native-resilience/projections/Hawai‘i_Climate_Divisions_—_Leeward_Kaua‘i.zip Could not connect to the endpoint URL: "https://oidc.us-west-2.amazonaws.com/token"
upload failed: upload/Hawai‘i_Climate_Divisions_—_Leeward_Maui_Nui.zip to s3://native-resilience/projections/Hawai‘i_Climate_Divisions_—_Leeward_Maui_Nui.zip Could not connect to the endpoint URL: "https://oidc.us-west-2.amazonaws.com/token"
upload failed: upload/Grand_Ronde_Community.zip to s3://native-resilience/projections/Grand_Ronde_Community.zip Could not connect to the endpoint URL: "https://oidc.us-west-2.amazonaws.com/token"
upload failed: upload/Hawai‘i_Climate_Divisions_—_Windward_Kaua‘i.zip to s3://native-resilience/projections/Hawai‘i_Climate_Divisions_—_Windward_Kaua‘i.zip Could not connect to the endpoint URL: "https://oidc.us-west-2.amazonaws.com/token"
upload failed: upload/Hawai‘i_Climate_Divisions_—_Waianae.zip to s3://native-resilience/projections/Hawai‘i_Climate_Divisions_—_Waianae.zip Could not connect to the endpoint URL: "https://oidc.us-west-2.amazonaws.com/token"
upload failed: upload/Hawai‘i_Climate_Divisions_—_Leeward_Kohala.zip to s3://native-resilience/projections/Hawai‘i_Climate_Divisions_—_Leeward_Kohala.zip Could not connect to the endpoint URL: "https://oidc.us-west-2.amazonaws.com/token"
upload failed: upload/Hawai‘i_Climate_Divisions_—_Windward_Maui_Nui.zip to s3://native-resilience/projections/Hawai‘i_Climate_Divisions_—_Windward_Maui_Nui.zip Could not connect to the endpoint URL: "https://oidc.us-west-2.amazonaws.com/token"
upload failed: upload/Ho-Chunk_Nation_Reservation.zip to s3://native-resilience/projections/Ho-Chunk_Nation_Reservation.zip Could not connect to the endpoint URL: "https://oidc.us-west-2.amazonaws.com/token"
upload failed: upload/Healy_Lake_ANVSA.zip to s3://native-resilience/projections/Healy_Lake_ANVSA.zip Could not connect to the endpoint URL: "https://oidc.us-west-2.amazonaws.com/token"
upload failed: upload/Holy_Cross_ANVSA.zip to s3://native-resilience/projections/Holy_Cross_ANVSA.zip Could not connect to the endpoint URL: "https://oidc.us-west-2.amazonaws.com/token"
upload failed: upload/Hoonah_ANVSA.zip to s3://native-resilience/projections/Hoonah_ANVSA.zip Could not connect to the endpoint URL: "https://oidc.us-west-2.amazonaws.com/token"
upload failed: upload/Hawai‘i_Climate_Divisions_—_Ka‘u.zip to s3://native-resilience/projections/Hawai‘i_Climate_Divisions_—_Ka‘u.zip Could not connect to the endpoint URL: "https://oidc.us-west-2.amazonaws.com/token"
upload failed: upload/Hollywood_Reservation.zip to s3://native-resilience/projections/Hollywood_Reservation.zip Could not connect to the endpoint URL: "https://oidc.us-west-2.amazonaws.com/token"
upload failed: upload/Hopi_Reservation.zip to s3://native-resilience/projections/Hopi_Reservation.zip Could not connect to the endpoint URL: "https://oidc.us-west-2.amazonaws.com/token"
upload failed: upload/Hoopa_Valley_Reservation.zip to s3://native-resilience/projections/Hoopa_Valley_Reservation.zip Could not connect to the endpoint URL: "https://oidc.us-west-2.amazonaws.com/token"
upload failed: upload/Hopland_Rancheria.zip to s3://native-resilience/projections/Hopland_Rancheria.zip Could not connect to the endpoint URL: "https://oidc.us-west-2.amazonaws.com/token"
upload failed: upload/Hawai‘i_Climate_Divisions_—_Windward_Kohala.zip to s3://native-resilience/projections/Hawai‘i_Climate_Divisions_—_Windward_Kohala.zip Could not connect to the endpoint URL: "https://oidc.us-west-2.amazonaws.com/token"
upload failed: upload/Hualapai_Indian_Reservation.zip to s3://native-resilience/projections/Hualapai_Indian_Reservation.zip Could not connect to the endpoint URL: "https://oidc.us-west-2.amazonaws.com/token"
upload failed: upload/Hughes_ANVSA.zip to s3://native-resilience/projections/Hughes_ANVSA.zip Could not connect to the endpoint URL: "https://oidc.us-west-2.amazonaws.com/token"
upload failed: upload/Huron_Potawatomi_Reservation.zip to s3://native-resilience/projections/Huron_Potawatomi_Reservation.zip Could not connect to the endpoint URL: "https://oidc.us-west-2.amazonaws.com/token"
upload failed: upload/Hooper_Bay_ANVSA.zip to s3://native-resilience/projections/Hooper_Bay_ANVSA.zip Could not connect to the endpoint URL: "https://oidc.us-west-2.amazonaws.com/token"
upload failed: upload/Huslia_ANVSA.zip to s3://native-resilience/projections/Huslia_ANVSA.zip Could not connect to the endpoint URL: "https://oidc.us-west-2.amazonaws.com/token"
upload failed: upload/Iliamna_ANVSA.zip to s3://native-resilience/projections/Iliamna_ANVSA.zip Could not connect to the endpoint URL: "https://oidc.us-west-2.amazonaws.com/token"
upload failed: upload/Houlton_Maliseet_Reservation.zip to s3://native-resilience/projections/Houlton_Maliseet_Reservation.zip Could not connect to the endpoint URL: "https://oidc.us-west-2.amazonaws.com/token"
upload failed: upload/Igiugig_ANVSA.zip to s3://native-resilience/projections/Igiugig_ANVSA.zip Could not connect to the endpoint URL: "https://oidc.us-west-2.amazonaws.com/token"
upload failed: upload/Immokalee_Reservation.zip to s3://native-resilience/projections/Immokalee_Reservation.zip Could not connect to the endpoint URL: "https://oidc.us-west-2.amazonaws.com/token"
upload failed: upload/Hydaburg_ANVSA.zip to s3://native-resilience/projections/Hydaburg_ANVSA.zip Could not connect to the endpoint URL: "https://oidc.us-west-2.amazonaws.com/token"
upload failed: upload/Hoh_Indian_Reservation.zip to s3://native-resilience/projections/Hoh_Indian_Reservation.zip Could not connect to the endpoint URL: "https://oidc.us-west-2.amazonaws.com/token"
upload failed: upload/Iowa_(KS-NE)_Reservation.zip to s3://native-resilience/projections/Iowa_(KS-NE)_Reservation.zip Could not connect to the endpoint URL: "https://oidc.us-west-2.amazonaws.com/token"
upload failed: upload/Inaja_and_Cosmit_Reservation.zip to s3://native-resilience/projections/Inaja_and_Cosmit_Reservation.zip Could not connect to the endpoint URL: "https://oidc.us-west-2.amazonaws.com/token"
upload failed: upload/Inalik_ANVSA.zip to s3://native-resilience/projections/Inalik_ANVSA.zip Could not connect to the endpoint URL: "https://oidc.us-west-2.amazonaws.com/token"
upload failed: upload/Indian_Township_Reservation.zip to s3://native-resilience/projections/Indian_Township_Reservation.zip Could not connect to the endpoint URL: "https://oidc.us-west-2.amazonaws.com/token"
upload failed: upload/Iowa_OTSA.zip to s3://native-resilience/projections/Iowa_OTSA.zip Could not connect to the endpoint URL: "https://oidc.us-west-2.amazonaws.com/token"
upload failed: upload/Isabella_Reservation.zip to s3://native-resilience/projections/Isabella_Reservation.zip Could not connect to the endpoint URL: "https://oidc.us-west-2.amazonaws.com/token"
upload failed: upload/Isleta_Pueblo.zip to s3://native-resilience/projections/Isleta_Pueblo.zip Could not connect to the endpoint URL: "https://oidc.us-west-2.amazonaws.com/token"
upload failed: upload/Jamestown_S'Klallam_Reservation.zip to s3://native-resilience/projections/Jamestown_S'Klallam_Reservation.zip Could not connect to the endpoint URL: "https://oidc.us-west-2.amazonaws.com/token"
upload failed: upload/Jamul_Indian_Village.zip to s3://native-resilience/projections/Jamul_Indian_Village.zip Could not connect to the endpoint URL: "https://oidc.us-west-2.amazonaws.com/token"
upload failed: upload/Jackson_Rancheria.zip to s3://native-resilience/projections/Jackson_Rancheria.zip Could not connect to the endpoint URL: "https://oidc.us-west-2.amazonaws.com/token"
upload failed: upload/Ione_Band_of_Miwok_TDSA.zip to s3://native-resilience/projections/Ione_Band_of_Miwok_TDSA.zip Could not connect to the endpoint URL: "https://oidc.us-west-2.amazonaws.com/token"
upload failed: upload/Ivanof_Bay_ANVSA.zip to s3://native-resilience/projections/Ivanof_Bay_ANVSA.zip Could not connect to the endpoint URL: "https://oidc.us-west-2.amazonaws.com/token"
upload failed: upload/Jemez_Pueblo.zip to s3://native-resilience/projections/Jemez_Pueblo.zip Could not connect to the endpoint URL: "https://oidc.us-west-2.amazonaws.com/token"
upload failed: upload/Jicarilla_Apache_Nation_Reservation.zip to s3://native-resilience/projections/Jicarilla_Apache_Nation_Reservation.zip Could not connect to the endpoint URL: "https://oidc.us-west-2.amazonaws.com/token"
upload failed: upload/Isle_de_Jean_Charles_SDTSA.zip to s3://native-resilience/projections/Isle_de_Jean_Charles_SDTSA.zip Could not connect to the endpoint URL: "https://oidc.us-west-2.amazonaws.com/token"
upload failed: upload/Kaktovik_ANVSA.zip to s3://native-resilience/projections/Kaktovik_ANVSA.zip Could not connect to the endpoint URL: "https://oidc.us-west-2.amazonaws.com/token"
upload failed: upload/Kalskag_ANVSA.zip to s3://native-resilience/projections/Kalskag_ANVSA.zip Could not connect to the endpoint URL: "https://oidc.us-west-2.amazonaws.com/token"
upload failed: upload/Jena_Band_of_Choctaw_Reservation.zip to s3://native-resilience/projections/Jena_Band_of_Choctaw_Reservation.zip Could not connect to the endpoint URL: "https://oidc.us-west-2.amazonaws.com/token"
upload failed: upload/Kalispel_Reservation.zip to s3://native-resilience/projections/Kalispel_Reservation.zip Could not connect to the endpoint URL: "https://oidc.us-west-2.amazonaws.com/token"
upload failed: upload/Kaltag_ANVSA.zip to s3://native-resilience/projections/Kaltag_ANVSA.zip Could not connect to the endpoint URL: "https://oidc.us-west-2.amazonaws.com/token"
upload failed: upload/Karuk_Reservation.zip to s3://native-resilience/projections/Karuk_Reservation.zip Could not connect to the endpoint URL: "https://oidc.us-west-2.amazonaws.com/token"
upload failed: upload/Kake_ANVSA.zip to s3://native-resilience/projections/Kake_ANVSA.zip Could not connect to the endpoint URL: "https://oidc.us-west-2.amazonaws.com/token"
upload failed: upload/Kaw_OTSA.zip to s3://native-resilience/projections/Kaw_OTSA.zip Could not connect to the endpoint URL: "https://oidc.us-west-2.amazonaws.com/token"
upload failed: upload/Karluk_ANVSA.zip to s3://native-resilience/projections/Karluk_ANVSA.zip Could not connect to the endpoint URL: "https://oidc.us-west-2.amazonaws.com/token"
upload failed: upload/Kaw_and_Ponca_joint-use_OTSA.zip to s3://native-resilience/projections/Kaw_and_Ponca_joint-use_OTSA.zip Could not connect to the endpoint URL: "https://oidc.us-west-2.amazonaws.com/token"
upload failed: upload/Kasigluk_ANVSA.zip to s3://native-resilience/projections/Kasigluk_ANVSA.zip Could not connect to the endpoint URL: "https://oidc.us-west-2.amazonaws.com/token"
upload failed: upload/Kasaan_ANVSA.zip to s3://native-resilience/projections/Kasaan_ANVSA.zip Could not connect to the endpoint URL: "https://oidc.us-west-2.amazonaws.com/token"
upload failed: upload/Ketchikan_ANVSA.zip to s3://native-resilience/projections/Ketchikan_ANVSA.zip Could not connect to the endpoint URL: "https://oidc.us-west-2.amazonaws.com/token"
upload failed: upload/Kaibab_Indian_Reservation.zip to s3://native-resilience/projections/Kaibab_Indian_Reservation.zip Could not connect to the endpoint URL: "https://oidc.us-west-2.amazonaws.com/token"
upload failed: upload/Kenaitze_ANVSA.zip to s3://native-resilience/projections/Kenaitze_ANVSA.zip Could not connect to the endpoint URL: "https://oidc.us-west-2.amazonaws.com/token"
upload failed: upload/Kiana_ANVSA.zip to s3://native-resilience/projections/Kiana_ANVSA.zip Could not connect to the endpoint URL: "https://oidc.us-west-2.amazonaws.com/token"
upload failed: upload/Kickapoo_(KS)_Reservation_and_Sac_and_Fox_Nation_Trust_Land_joint-use_area.zip to s3://native-resilience/projections/Kickapoo_(KS)_Reservation_and_Sac_and_Fox_Nation_Trust_Land_joint-use_area.zip Could not connect to the endpoint URL: "https://oidc.us-west-2.amazonaws.com/token"
upload failed: upload/Kickapoo_(TX)_Reservation.zip to s3://native-resilience/projections/Kickapoo_(TX)_Reservation.zip Could not connect to the endpoint URL: "https://oidc.us-west-2.amazonaws.com/token"
upload failed: upload/King_Cove_ANVSA.zip to s3://native-resilience/projections/King_Cove_ANVSA.zip Could not connect to the endpoint URL: "https://oidc.us-west-2.amazonaws.com/token"
upload failed: upload/King_Salmon_ANVSA.zip to s3://native-resilience/projections/King_Salmon_ANVSA.zip Could not connect to the endpoint URL: "https://oidc.us-west-2.amazonaws.com/token"
upload failed: upload/Kiowa-Comanche-Apache-Ft_Sill_Apache_and_Caddo-Wichita-Delaware_joint-use_OTSA.zip to s3://native-resilience/projections/Kiowa-Comanche-Apache-Ft_Sill_Apache_and_Caddo-Wichita-Delaware_joint-use_OTSA.zip Could not connect to the endpoint URL: "https://oidc.us-west-2.amazonaws.com/token"
upload failed: upload/Kipnuk_ANVSA.zip to s3://native-resilience/projections/Kipnuk_ANVSA.zip Could not connect to the endpoint URL: "https://oidc.us-west-2.amazonaws.com/token"
upload failed: upload/Kiowa-Comanche-Apache-Fort_Sill_Apache_OTSA.zip to s3://native-resilience/projections/Kiowa-Comanche-Apache-Fort_Sill_Apache_OTSA.zip Could not connect to the endpoint URL: "https://oidc.us-west-2.amazonaws.com/token"
upload failed: upload/Kivalina_ANVSA.zip to s3://native-resilience/projections/Kivalina_ANVSA.zip Could not connect to the endpoint URL: "https://oidc.us-west-2.amazonaws.com/token"
upload failed: upload/Knik_ANVSA.zip to s3://native-resilience/projections/Knik_ANVSA.zip Could not connect to the endpoint URL: "https://oidc.us-west-2.amazonaws.com/token"
upload failed: upload/Kickapoo_(KS)_Reservation.zip to s3://native-resilience/projections/Kickapoo_(KS)_Reservation.zip Could not connect to the endpoint URL: "https://oidc.us-west-2.amazonaws.com/token"
upload failed: upload/Klawock_ANVSA.zip to s3://native-resilience/projections/Klawock_ANVSA.zip Could not connect to the endpoint URL: "https://oidc.us-west-2.amazonaws.com/token"
upload failed: upload/Klamath_Reservation.zip to s3://native-resilience/projections/Klamath_Reservation.zip Could not connect to the endpoint URL: "https://oidc.us-west-2.amazonaws.com/token"
upload failed: upload/Kobuk_ANVSA.zip to s3://native-resilience/projections/Kobuk_ANVSA.zip Could not connect to the endpoint URL: "https://oidc.us-west-2.amazonaws.com/token"
upload failed: upload/Kokhanok_ANVSA.zip to s3://native-resilience/projections/Kokhanok_ANVSA.zip Could not connect to the endpoint URL: "https://oidc.us-west-2.amazonaws.com/token"
upload failed: upload/Kickapoo_OTSA.zip to s3://native-resilience/projections/Kickapoo_OTSA.zip Could not connect to the endpoint URL: "https://oidc.us-west-2.amazonaws.com/token"
upload failed: upload/Kotlik_ANVSA.zip to s3://native-resilience/projections/Kotlik_ANVSA.zip Could not connect to the endpoint URL: "https://oidc.us-west-2.amazonaws.com/token"
upload failed: upload/Kootenai_Reservation.zip to s3://native-resilience/projections/Kootenai_Reservation.zip Could not connect to the endpoint URL: "https://oidc.us-west-2.amazonaws.com/token"
upload failed: upload/Koyuk_ANVSA.zip to s3://native-resilience/projections/Koyuk_ANVSA.zip Could not connect to the endpoint URL: "https://oidc.us-west-2.amazonaws.com/token"
upload failed: upload/Kodiak_ANVSA.zip to s3://native-resilience/projections/Kodiak_ANVSA.zip Could not connect to the endpoint URL: "https://oidc.us-west-2.amazonaws.com/token"
upload failed: upload/Kotzebue_ANVSA.zip to s3://native-resilience/projections/Kotzebue_ANVSA.zip Could not connect to the endpoint URL: "https://oidc.us-west-2.amazonaws.com/token"
upload failed: upload/Kwigillingok_ANVSA.zip to s3://native-resilience/projections/Kwigillingok_ANVSA.zip Could not connect to the endpoint URL: "https://oidc.us-west-2.amazonaws.com/token"
upload failed: upload/Koyukuk_ANVSA.zip to s3://native-resilience/projections/Koyukuk_ANVSA.zip Could not connect to the endpoint URL: "https://oidc.us-west-2.amazonaws.com/token"
upload failed: upload/Kongiganak_ANVSA.zip to s3://native-resilience/projections/Kongiganak_ANVSA.zip Could not connect to the endpoint URL: "https://oidc.us-west-2.amazonaws.com/token"
upload failed: upload/L'Anse_Reservation.zip to s3://native-resilience/projections/L'Anse_Reservation.zip Could not connect to the endpoint URL: "https://oidc.us-west-2.amazonaws.com/token"
upload failed: upload/La_Posta_Indian_Reservation.zip to s3://native-resilience/projections/La_Posta_Indian_Reservation.zip Could not connect to the endpoint URL: "https://oidc.us-west-2.amazonaws.com/token"
upload failed: upload/Kwinhagak_ANVSA.zip to s3://native-resilience/projections/Kwinhagak_ANVSA.zip Could not connect to the endpoint URL: "https://oidc.us-west-2.amazonaws.com/token"
upload failed: upload/Lac_Vieux_Desert_Reservation.zip to s3://native-resilience/projections/Lac_Vieux_Desert_Reservation.zip Could not connect to the endpoint URL: "https://oidc.us-west-2.amazonaws.com/token"
upload failed: upload/Kwethluk_ANVSA.zip to s3://native-resilience/projections/Kwethluk_ANVSA.zip Could not connect to the endpoint URL: "https://oidc.us-west-2.amazonaws.com/token"
upload failed: upload/Lac_Courte_Oreilles_Reservation.zip to s3://native-resilience/projections/Lac_Courte_Oreilles_Reservation.zip Could not connect to the endpoint URL: "https://oidc.us-west-2.amazonaws.com/token"
upload failed: upload/Lake_Traverse_Reservation.zip to s3://native-resilience/projections/Lake_Traverse_Reservation.zip Could not connect to the endpoint URL: "https://oidc.us-west-2.amazonaws.com/token"
upload failed: upload/Laguna_Pueblo.zip to s3://native-resilience/projections/Laguna_Pueblo.zip Could not connect to the endpoint URL: "https://oidc.us-west-2.amazonaws.com/token"
upload failed: upload/Lac_du_Flambeau_Reservation.zip to s3://native-resilience/projections/Lac_du_Flambeau_Reservation.zip Could not connect to the endpoint URL: "https://oidc.us-west-2.amazonaws.com/token"
upload failed: upload/Larsen_Bay_ANVSA.zip to s3://native-resilience/projections/Larsen_Bay_ANVSA.zip Could not connect to the endpoint URL: "https://oidc.us-west-2.amazonaws.com/token"
upload failed: upload/Lake_Minchumina_ANVSA.zip to s3://native-resilience/projections/Lake_Minchumina_ANVSA.zip Could not connect to the endpoint URL: "https://oidc.us-west-2.amazonaws.com/token"
upload failed: upload/Lenape_Indian_Tribe_of_Delaware_SDTSA.zip to s3://native-resilience/projections/Lenape_Indian_Tribe_of_Delaware_SDTSA.zip Could not connect to the endpoint URL: "https://oidc.us-west-2.amazonaws.com/token"
upload failed: upload/Laytonville_Rancheria.zip to s3://native-resilience/projections/Laytonville_Rancheria.zip Could not connect to the endpoint URL: "https://oidc.us-west-2.amazonaws.com/token"
upload failed: upload/Leech_Lake_Reservation.zip to s3://native-resilience/projections/Leech_Lake_Reservation.zip Could not connect to the endpoint URL: "https://oidc.us-west-2.amazonaws.com/token"
upload failed: upload/Lesnoi_ANVSA.zip to s3://native-resilience/projections/Lesnoi_ANVSA.zip Could not connect to the endpoint URL: "https://oidc.us-west-2.amazonaws.com/token"
upload failed: upload/Lime_Village_ANVSA.zip to s3://native-resilience/projections/Lime_Village_ANVSA.zip Could not connect to the endpoint URL: "https://oidc.us-west-2.amazonaws.com/token"
upload failed: upload/La_Jolla_Reservation.zip to s3://native-resilience/projections/La_Jolla_Reservation.zip Could not connect to the endpoint URL: "https://oidc.us-west-2.amazonaws.com/token"
upload failed: upload/Little_Traverse_Bay_Reservation.zip to s3://native-resilience/projections/Little_Traverse_Bay_Reservation.zip Could not connect to the endpoint URL: "https://oidc.us-west-2.amazonaws.com/token"
upload failed: upload/Las_Vegas_Indian_Colony.zip to s3://native-resilience/projections/Las_Vegas_Indian_Colony.zip Could not connect to the endpoint URL: "https://oidc.us-west-2.amazonaws.com/token"
upload failed: upload/Lone_Pine_Reservation.zip to s3://native-resilience/projections/Lone_Pine_Reservation.zip Could not connect to the endpoint URL: "https://oidc.us-west-2.amazonaws.com/token"
upload failed: upload/Los_Coyotes_Reservation.zip to s3://native-resilience/projections/Los_Coyotes_Reservation.zip Could not connect to the endpoint URL: "https://oidc.us-west-2.amazonaws.com/token"
upload failed: upload/Likely_Rancheria.zip to s3://native-resilience/projections/Likely_Rancheria.zip Could not connect to the endpoint URL: "https://oidc.us-west-2.amazonaws.com/token"
upload failed: upload/Levelock_ANVSA.zip to s3://native-resilience/projections/Levelock_ANVSA.zip Could not connect to the endpoint URL: "https://oidc.us-west-2.amazonaws.com/token"
upload failed: upload/Lower_Brule_Reservation.zip to s3://native-resilience/projections/Lower_Brule_Reservation.zip Could not connect to the endpoint URL: "https://oidc.us-west-2.amazonaws.com/token"
upload failed: upload/Lower_Kalskag_ANVSA.zip to s3://native-resilience/projections/Lower_Kalskag_ANVSA.zip Could not connect to the endpoint URL: "https://oidc.us-west-2.amazonaws.com/token"
upload failed: upload/Lower_Sioux_Indian_Community.zip to s3://native-resilience/projections/Lower_Sioux_Indian_Community.zip Could not connect to the endpoint URL: "https://oidc.us-west-2.amazonaws.com/token"
upload failed: upload/Lumbee_SDTSA.zip to s3://native-resilience/projections/Lumbee_SDTSA.zip Could not connect to the endpoint URL: "https://oidc.us-west-2.amazonaws.com/token"
upload failed: upload/Little_River_Reservation.zip to s3://native-resilience/projections/Little_River_Reservation.zip Could not connect to the endpoint URL: "https://oidc.us-west-2.amazonaws.com/token"
upload failed: upload/Lookout_Rancheria.zip to s3://native-resilience/projections/Lookout_Rancheria.zip Could not connect to the endpoint URL: "https://oidc.us-west-2.amazonaws.com/token"
upload failed: upload/MOWA_Choctaw_(state)_Reservation.zip to s3://native-resilience/projections/MOWA_Choctaw_(state)_Reservation.zip Could not connect to the endpoint URL: "https://oidc.us-west-2.amazonaws.com/token"
upload failed: upload/Lovelock_Indian_Colony.zip to s3://native-resilience/projections/Lovelock_Indian_Colony.zip Could not connect to the endpoint URL: "https://oidc.us-west-2.amazonaws.com/token"
upload failed: upload/Lummi_Reservation.zip to s3://native-resilience/projections/Lummi_Reservation.zip Could not connect to the endpoint URL: "https://oidc.us-west-2.amazonaws.com/token"
upload failed: upload/Lytton_Rancheria.zip to s3://native-resilience/projections/Lytton_Rancheria.zip Could not connect to the endpoint URL: "https://oidc.us-west-2.amazonaws.com/token"
upload failed: upload/MaChis_Lower_Creek_SDTSA.zip to s3://native-resilience/projections/MaChis_Lower_Creek_SDTSA.zip Could not connect to the endpoint URL: "https://oidc.us-west-2.amazonaws.com/token"
upload failed: upload/Manokotak_ANVSA.zip to s3://native-resilience/projections/Manokotak_ANVSA.zip Could not connect to the endpoint URL: "https://oidc.us-west-2.amazonaws.com/token"
upload failed: upload/Manzanita_Reservation.zip to s3://native-resilience/projections/Manzanita_Reservation.zip Could not connect to the endpoint URL: "https://oidc.us-west-2.amazonaws.com/token"
upload failed: upload/Maricopa_(Ak_Chin)_Indian_Reservation.zip to s3://native-resilience/projections/Maricopa_(Ak_Chin)_Indian_Reservation.zip Could not connect to the endpoint URL: "https://oidc.us-west-2.amazonaws.com/token"
upload failed: upload/Manchester-Point_Arena_Rancheria.zip to s3://native-resilience/projections/Manchester-Point_Arena_Rancheria.zip Could not connect to the endpoint URL: "https://oidc.us-west-2.amazonaws.com/token"
upload failed: upload/Marshall_ANVSA.zip to s3://native-resilience/projections/Marshall_ANVSA.zip Could not connect to the endpoint URL: "https://oidc.us-west-2.amazonaws.com/token"
upload failed: upload/Mashantucket_Pequot_Reservation.zip to s3://native-resilience/projections/Mashantucket_Pequot_Reservation.zip Could not connect to the endpoint URL: "https://oidc.us-west-2.amazonaws.com/token"
upload failed: upload/Match-e-be-nash-she-wish_Band_of_Pottawatomi_Reservation.zip to s3://native-resilience/projections/Match-e-be-nash-she-wish_Band_of_Pottawatomi_Reservation.zip Could not connect to the endpoint URL: "https://oidc.us-west-2.amazonaws.com/token"
upload failed: upload/Mary's_Igloo_ANVSA.zip to s3://native-resilience/projections/Mary's_Igloo_ANVSA.zip Could not connect to the endpoint URL: "https://oidc.us-west-2.amazonaws.com/token"
upload failed: upload/Lower_Elwha_Reservation.zip to s3://native-resilience/projections/Lower_Elwha_Reservation.zip Could not connect to the endpoint URL: "https://oidc.us-west-2.amazonaws.com/token"
upload failed: upload/Mattaponi_(state)_Reservation.zip to s3://native-resilience/projections/Mattaponi_(state)_Reservation.zip Could not connect to the endpoint URL: "https://oidc.us-west-2.amazonaws.com/token"
upload failed: upload/Mechoopda_TDSA.zip to s3://native-resilience/projections/Mechoopda_TDSA.zip Could not connect to the endpoint URL: "https://oidc.us-west-2.amazonaws.com/token"
upload failed: upload/Manley_Hot_Springs_ANVSA.zip to s3://native-resilience/projections/Manley_Hot_Springs_ANVSA.zip Could not connect to the endpoint URL: "https://oidc.us-west-2.amazonaws.com/token"
upload failed: upload/Mekoryuk_ANVSA.zip to s3://native-resilience/projections/Mekoryuk_ANVSA.zip Could not connect to the endpoint URL: "https://oidc.us-west-2.amazonaws.com/token"
upload failed: upload/Menominee_Reservation.zip to s3://native-resilience/projections/Menominee_Reservation.zip Could not connect to the endpoint URL: "https://oidc.us-west-2.amazonaws.com/token"
upload failed: upload/Mentasta_Lake_ANVSA.zip to s3://native-resilience/projections/Mentasta_Lake_ANVSA.zip Could not connect to the endpoint URL: "https://oidc.us-west-2.amazonaws.com/token"
upload failed: upload/Meherrin_SDTSA.zip to s3://native-resilience/projections/Meherrin_SDTSA.zip Could not connect to the endpoint URL: "https://oidc.us-west-2.amazonaws.com/token"
upload failed: upload/Miami_OTSA.zip to s3://native-resilience/projections/Miami_OTSA.zip Could not connect to the endpoint URL: "https://oidc.us-west-2.amazonaws.com/token"
upload failed: upload/Mesa_Grande_Reservation.zip to s3://native-resilience/projections/Mesa_Grande_Reservation.zip Could not connect to the endpoint URL: "https://oidc.us-west-2.amazonaws.com/token"
upload failed: upload/Makah_Indian_Reservation.zip to s3://native-resilience/projections/Makah_Indian_Reservation.zip Could not connect to the endpoint URL: "https://oidc.us-west-2.amazonaws.com/token"
upload failed: upload/Middletown_Rancheria.zip to s3://native-resilience/projections/Middletown_Rancheria.zip Could not connect to the endpoint URL: "https://oidc.us-west-2.amazonaws.com/token"
upload failed: upload/Miami_and_Peoria_joint-use_OTSA.zip to s3://native-resilience/projections/Miami_and_Peoria_joint-use_OTSA.zip Could not connect to the endpoint URL: "https://oidc.us-west-2.amazonaws.com/token"
upload failed: upload/Miccosukee_Reservation.zip to s3://native-resilience/projections/Miccosukee_Reservation.zip Could not connect to the endpoint URL: "https://oidc.us-west-2.amazonaws.com/token"
upload failed: upload/Minto_ANVSA.zip to s3://native-resilience/projections/Minto_ANVSA.zip Could not connect to the endpoint URL: "https://oidc.us-west-2.amazonaws.com/token"
upload failed: upload/Mille_Lacs_Reservation.zip to s3://native-resilience/projections/Mille_Lacs_Reservation.zip Could not connect to the endpoint URL: "https://oidc.us-west-2.amazonaws.com/token"
upload failed: upload/Moapa_River_Indian_Reservation.zip to s3://native-resilience/projections/Moapa_River_Indian_Reservation.zip Could not connect to the endpoint URL: "https://oidc.us-west-2.amazonaws.com/token"
upload failed: upload/Modoc_OTSA.zip to s3://native-resilience/projections/Modoc_OTSA.zip Could not connect to the endpoint URL: "https://oidc.us-west-2.amazonaws.com/token"
upload failed: upload/Mohegan_Reservation.zip to s3://native-resilience/projections/Mohegan_Reservation.zip Could not connect to the endpoint URL: "https://oidc.us-west-2.amazonaws.com/token"
upload failed: upload/Montgomery_Creek_Rancheria.zip to s3://native-resilience/projections/Montgomery_Creek_Rancheria.zip Could not connect to the endpoint URL: "https://oidc.us-west-2.amazonaws.com/token"
upload failed: upload/Mescalero_Reservation.zip to s3://native-resilience/projections/Mescalero_Reservation.zip Could not connect to the endpoint URL: "https://oidc.us-west-2.amazonaws.com/token"
upload failed: upload/McGrath_ANVSA.zip to s3://native-resilience/projections/McGrath_ANVSA.zip Could not connect to the endpoint URL: "https://oidc.us-west-2.amazonaws.com/token"
upload failed: upload/Morongo_Reservation.zip to s3://native-resilience/projections/Morongo_Reservation.zip Could not connect to the endpoint URL: "https://oidc.us-west-2.amazonaws.com/token"
upload failed: upload/Mountain_Village_ANVSA.zip to s3://native-resilience/projections/Mountain_Village_ANVSA.zip Could not connect to the endpoint URL: "https://oidc.us-west-2.amazonaws.com/token"
upload failed: upload/Mooretown_Rancheria.zip to s3://native-resilience/projections/Mooretown_Rancheria.zip Could not connect to the endpoint URL: "https://oidc.us-west-2.amazonaws.com/token"
upload failed: upload/Naknek_ANVSA.zip to s3://native-resilience/projections/Naknek_ANVSA.zip Could not connect to the endpoint URL: "https://oidc.us-west-2.amazonaws.com/token"
upload failed: upload/Nanticoke_Indian_Tribe_SDTSA.zip to s3://native-resilience/projections/Nanticoke_Indian_Tribe_SDTSA.zip Could not connect to the endpoint URL: "https://oidc.us-west-2.amazonaws.com/token"
upload failed: upload/Nanticoke_Lenni_Lenape_SDTSA.zip to s3://native-resilience/projections/Nanticoke_Lenni_Lenape_SDTSA.zip Could not connect to the endpoint URL: "https://oidc.us-west-2.amazonaws.com/token"
upload failed: upload/Nanwalek_ANVSA.zip to s3://native-resilience/projections/Nanwalek_ANVSA.zip Could not connect to the endpoint URL: "https://oidc.us-west-2.amazonaws.com/token"
upload failed: upload/Mississippi_Choctaw_Reservation.zip to s3://native-resilience/projections/Mississippi_Choctaw_Reservation.zip Could not connect to the endpoint URL: "https://oidc.us-west-2.amazonaws.com/token"
upload failed: upload/Nambe_Pueblo.zip to s3://native-resilience/projections/Nambe_Pueblo.zip Could not connect to the endpoint URL: "https://oidc.us-west-2.amazonaws.com/token"
upload failed: upload/Napaskiak_ANVSA.zip to s3://native-resilience/projections/Napaskiak_ANVSA.zip Could not connect to the endpoint URL: "https://oidc.us-west-2.amazonaws.com/token"
upload failed: upload/Muckleshoot_Reservation.zip to s3://native-resilience/projections/Muckleshoot_Reservation.zip Could not connect to the endpoint URL: "https://oidc.us-west-2.amazonaws.com/token"
upload failed: upload/Natchitoches_SDTSA.zip to s3://native-resilience/projections/Natchitoches_SDTSA.zip Could not connect to the endpoint URL: "https://oidc.us-west-2.amazonaws.com/token"
upload failed: upload/Navajo_Nation_—_Chinle_Agency.zip to s3://native-resilience/projections/Navajo_Nation_—_Chinle_Agency.zip Could not connect to the endpoint URL: "https://oidc.us-west-2.amazonaws.com/token"
upload failed: upload/Navajo_Nation_—_Eastern_Agency.zip to s3://native-resilience/projections/Navajo_Nation_—_Eastern_Agency.zip Could not connect to the endpoint URL: "https://oidc.us-west-2.amazonaws.com/token"
upload failed: upload/Napaimute_ANVSA.zip to s3://native-resilience/projections/Napaimute_ANVSA.zip Could not connect to the endpoint URL: "https://oidc.us-west-2.amazonaws.com/token"
upload failed: upload/Napakiak_ANVSA.zip to s3://native-resilience/projections/Napakiak_ANVSA.zip Could not connect to the endpoint URL: "https://oidc.us-west-2.amazonaws.com/token"
upload failed: upload/Nelson_Lagoon_ANVSA.zip to s3://native-resilience/projections/Nelson_Lagoon_ANVSA.zip Could not connect to the endpoint URL: "https://oidc.us-west-2.amazonaws.com/token"
upload failed: upload/Navajo_Nation_—_Tuba_City_Agency.zip to s3://native-resilience/projections/Navajo_Nation_—_Tuba_City_Agency.zip Could not connect to the endpoint URL: "https://oidc.us-west-2.amazonaws.com/token"
upload failed: upload/Navajo_Nation_—_Fort_Defiance_Agency.zip to s3://native-resilience/projections/Navajo_Nation_—_Fort_Defiance_Agency.zip Could not connect to the endpoint URL: "https://oidc.us-west-2.amazonaws.com/token"
upload failed: upload/New_Koliganek_ANVSA.zip to s3://native-resilience/projections/New_Koliganek_ANVSA.zip Could not connect to the endpoint URL: "https://oidc.us-west-2.amazonaws.com/token"
upload failed: upload/Narragansett_Reservation.zip to s3://native-resilience/projections/Narragansett_Reservation.zip Could not connect to the endpoint URL: "https://oidc.us-west-2.amazonaws.com/token"
upload failed: upload/Newhalen_ANVSA.zip to s3://native-resilience/projections/Newhalen_ANVSA.zip Could not connect to the endpoint URL: "https://oidc.us-west-2.amazonaws.com/token"
upload failed: upload/Navajo_Nation_—_Shiprock_Agency.zip to s3://native-resilience/projections/Navajo_Nation_—_Shiprock_Agency.zip Could not connect to the endpoint URL: "https://oidc.us-west-2.amazonaws.com/token"
upload failed: upload/Nez_Perce_Reservation.zip to s3://native-resilience/projections/Nez_Perce_Reservation.zip Could not connect to the endpoint URL: "https://oidc.us-west-2.amazonaws.com/token"
upload failed: upload/Nightmute_ANVSA.zip to s3://native-resilience/projections/Nightmute_ANVSA.zip Could not connect to the endpoint URL: "https://oidc.us-west-2.amazonaws.com/token"
upload failed: upload/New_Stuyahok_ANVSA.zip to s3://native-resilience/projections/New_Stuyahok_ANVSA.zip Could not connect to the endpoint URL: "https://oidc.us-west-2.amazonaws.com/token"
upload failed: upload/Newtok_ANVSA.zip to s3://native-resilience/projections/Newtok_ANVSA.zip Could not connect to the endpoint URL: "https://oidc.us-west-2.amazonaws.com/token"
upload failed: upload/Nikolski_ANVSA.zip to s3://native-resilience/projections/Nikolski_ANVSA.zip Could not connect to the endpoint URL: "https://oidc.us-west-2.amazonaws.com/token"
upload failed: upload/Noatak_ANVSA.zip to s3://native-resilience/projections/Noatak_ANVSA.zip Could not connect to the endpoint URL: "https://oidc.us-west-2.amazonaws.com/token"
upload failed: upload/Nome_ANVSA.zip to s3://native-resilience/projections/Nome_ANVSA.zip Could not connect to the endpoint URL: "https://oidc.us-west-2.amazonaws.com/token"
upload failed: upload/Nenana_ANVSA.zip to s3://native-resilience/projections/Nenana_ANVSA.zip Could not connect to the endpoint URL: "https://oidc.us-west-2.amazonaws.com/token"
upload failed: upload/Nondalton_ANVSA.zip to s3://native-resilience/projections/Nondalton_ANVSA.zip Could not connect to the endpoint URL: "https://oidc.us-west-2.amazonaws.com/token"
upload failed: upload/Nooksack_Reservation.zip to s3://native-resilience/projections/Nooksack_Reservation.zip Could not connect to the endpoint URL: "https://oidc.us-west-2.amazonaws.com/token"
upload failed: upload/North_Fork_Rancheria.zip to s3://native-resilience/projections/North_Fork_Rancheria.zip Could not connect to the endpoint URL: "https://oidc.us-west-2.amazonaws.com/token"
upload failed: upload/Nisqually_Reservation.zip to s3://native-resilience/projections/Nisqually_Reservation.zip Could not connect to the endpoint URL: "https://oidc.us-west-2.amazonaws.com/token"
upload failed: upload/Northern_Cheyenne_Indian_Reservation.zip to s3://native-resilience/projections/Northern_Cheyenne_Indian_Reservation.zip Could not connect to the endpoint URL: "https://oidc.us-west-2.amazonaws.com/token"
upload failed: upload/Ninilchik_ANVSA.zip to s3://native-resilience/projections/Ninilchik_ANVSA.zip Could not connect to the endpoint URL: "https://oidc.us-west-2.amazonaws.com/token"
upload failed: upload/Noorvik_ANVSA.zip to s3://native-resilience/projections/Noorvik_ANVSA.zip Could not connect to the endpoint URL: "https://oidc.us-west-2.amazonaws.com/token"
upload failed: upload/Northwestern_Shoshone_Reservation.zip to s3://native-resilience/projections/Northwestern_Shoshone_Reservation.zip Could not connect to the endpoint URL: "https://oidc.us-west-2.amazonaws.com/token"
upload failed: upload/Nunam_Iqua_ANVSA.zip to s3://native-resilience/projections/Nunam_Iqua_ANVSA.zip Could not connect to the endpoint URL: "https://oidc.us-west-2.amazonaws.com/token"
upload failed: upload/Nikolai_ANVSA.zip to s3://native-resilience/projections/Nikolai_ANVSA.zip Could not connect to the endpoint URL: "https://oidc.us-west-2.amazonaws.com/token"
upload failed: upload/Nuiqsut_ANVSA.zip to s3://native-resilience/projections/Nuiqsut_ANVSA.zip Could not connect to the endpoint URL: "https://oidc.us-west-2.amazonaws.com/token"
upload failed: upload/Occaneechi-Saponi_SDTSA.zip to s3://native-resilience/projections/Occaneechi-Saponi_SDTSA.zip Could not connect to the endpoint URL: "https://oidc.us-west-2.amazonaws.com/token"
upload failed: upload/Ohkay_Owingeh.zip to s3://native-resilience/projections/Ohkay_Owingeh.zip Could not connect to the endpoint URL: "https://oidc.us-west-2.amazonaws.com/token"
upload failed: upload/Ohogamiut_ANVSA.zip to s3://native-resilience/projections/Ohogamiut_ANVSA.zip Could not connect to the endpoint URL: "https://oidc.us-west-2.amazonaws.com/token"
upload failed: upload/Oil_Springs_Reservation.zip to s3://native-resilience/projections/Oil_Springs_Reservation.zip Could not connect to the endpoint URL: "https://oidc.us-west-2.amazonaws.com/token"
upload failed: upload/Old_Harbor_ANVSA.zip to s3://native-resilience/projections/Old_Harbor_ANVSA.zip Could not connect to the endpoint URL: "https://oidc.us-west-2.amazonaws.com/token"
upload failed: upload/Omaha_Reservation.zip to s3://native-resilience/projections/Omaha_Reservation.zip Could not connect to the endpoint URL: "https://oidc.us-west-2.amazonaws.com/token"
upload failed: upload/Oneida_Indian_Nation_Reservation.zip to s3://native-resilience/projections/Oneida_Indian_Nation_Reservation.zip Could not connect to the endpoint URL: "https://oidc.us-west-2.amazonaws.com/token"
upload failed: upload/Northway_ANVSA.zip to s3://native-resilience/projections/Northway_ANVSA.zip Could not connect to the endpoint URL: "https://oidc.us-west-2.amazonaws.com/token"
upload failed: upload/Ontonagon_Reservation.zip to s3://native-resilience/projections/Ontonagon_Reservation.zip Could not connect to the endpoint URL: "https://oidc.us-west-2.amazonaws.com/token"
upload failed: upload/Oneida_(WI)_Reservation.zip to s3://native-resilience/projections/Oneida_(WI)_Reservation.zip Could not connect to the endpoint URL: "https://oidc.us-west-2.amazonaws.com/token"
upload failed: upload/Nunapitchuk_ANVSA.zip to s3://native-resilience/projections/Nunapitchuk_ANVSA.zip Could not connect to the endpoint URL: "https://oidc.us-west-2.amazonaws.com/token"
upload failed: upload/Oscarville_ANVSA.zip to s3://native-resilience/projections/Oscarville_ANVSA.zip Could not connect to the endpoint URL: "https://oidc.us-west-2.amazonaws.com/token"
upload failed: upload/Ottawa_OTSA.zip to s3://native-resilience/projections/Ottawa_OTSA.zip Could not connect to the endpoint URL: "https://oidc.us-west-2.amazonaws.com/token"
upload failed: upload/Onondaga_Nation_Reservation.zip to s3://native-resilience/projections/Onondaga_Nation_Reservation.zip Could not connect to the endpoint URL: "https://oidc.us-west-2.amazonaws.com/token"
upload failed: upload/Ouzinkie_ANVSA.zip to s3://native-resilience/projections/Ouzinkie_ANVSA.zip Could not connect to the endpoint URL: "https://oidc.us-west-2.amazonaws.com/token"
upload failed: upload/Otoe-Missouria_OTSA.zip to s3://native-resilience/projections/Otoe-Missouria_OTSA.zip Could not connect to the endpoint URL: "https://oidc.us-west-2.amazonaws.com/token"
upload failed: upload/Osage_Reservation.zip to s3://native-resilience/projections/Osage_Reservation.zip Could not connect to the endpoint URL: "https://oidc.us-west-2.amazonaws.com/token"
upload failed: upload/Pala_Reservation.zip to s3://native-resilience/projections/Pala_Reservation.zip Could not connect to the endpoint URL: "https://oidc.us-west-2.amazonaws.com/token"
upload failed: upload/Paimiut_ANVSA.zip to s3://native-resilience/projections/Paimiut_ANVSA.zip Could not connect to the endpoint URL: "https://oidc.us-west-2.amazonaws.com/token"
upload failed: upload/Pamunkey_(state)_Reservation.zip to s3://native-resilience/projections/Pamunkey_(state)_Reservation.zip Could not connect to the endpoint URL: "https://oidc.us-west-2.amazonaws.com/token"
upload failed: upload/Paucatuck_Eastern_Pequot_(state)_Reservation.zip to s3://native-resilience/projections/Paucatuck_Eastern_Pequot_(state)_Reservation.zip Could not connect to the endpoint URL: "https://oidc.us-west-2.amazonaws.com/token"
upload failed: upload/Nulato_ANVSA.zip to s3://native-resilience/projections/Nulato_ANVSA.zip Could not connect to the endpoint URL: "https://oidc.us-west-2.amazonaws.com/token"
upload failed: upload/Paskenta_Rancheria.zip to s3://native-resilience/projections/Paskenta_Rancheria.zip Could not connect to the endpoint URL: "https://oidc.us-west-2.amazonaws.com/token"
upload failed: upload/Pechanga_Reservation.zip to s3://native-resilience/projections/Pechanga_Reservation.zip Could not connect to the endpoint URL: "https://oidc.us-west-2.amazonaws.com/token"
upload failed: upload/Paiute_(UT)_Reservation.zip to s3://native-resilience/projections/Paiute_(UT)_Reservation.zip Could not connect to the endpoint URL: "https://oidc.us-west-2.amazonaws.com/token"
upload failed: upload/Pascua_Pueblo_Yaqui_Reservation.zip to s3://native-resilience/projections/Pascua_Pueblo_Yaqui_Reservation.zip Could not connect to the endpoint URL: "https://oidc.us-west-2.amazonaws.com/token"
upload failed: upload/Pauma_and_Yuima_Reservation.zip to s3://native-resilience/projections/Pauma_and_Yuima_Reservation.zip Could not connect to the endpoint URL: "https://oidc.us-west-2.amazonaws.com/token"
upload failed: upload/Pawnee_OTSA.zip to s3://native-resilience/projections/Pawnee_OTSA.zip Could not connect to the endpoint URL: "https://oidc.us-west-2.amazonaws.com/token"
upload failed: upload/Pedro_Bay_ANVSA.zip to s3://native-resilience/projections/Pedro_Bay_ANVSA.zip Could not connect to the endpoint URL: "https://oidc.us-west-2.amazonaws.com/token"
upload failed: upload/Penobscot_Reservation.zip to s3://native-resilience/projections/Penobscot_Reservation.zip Could not connect to the endpoint URL: "https://oidc.us-west-2.amazonaws.com/token"
upload failed: upload/Perryville_ANVSA.zip to s3://native-resilience/projections/Perryville_ANVSA.zip Could not connect to the endpoint URL: "https://oidc.us-west-2.amazonaws.com/token"
upload failed: upload/Petersburg_ANVSA.zip to s3://native-resilience/projections/Petersburg_ANVSA.zip Could not connect to the endpoint URL: "https://oidc.us-west-2.amazonaws.com/token"
upload failed: upload/Pee_Dee_SDTSA.zip to s3://native-resilience/projections/Pee_Dee_SDTSA.zip Could not connect to the endpoint URL: "https://oidc.us-west-2.amazonaws.com/token"
upload failed: upload/Pilot_Station_ANVSA.zip to s3://native-resilience/projections/Pilot_Station_ANVSA.zip Could not connect to the endpoint URL: "https://oidc.us-west-2.amazonaws.com/token"
upload failed: upload/Pilot_Point_ANVSA.zip to s3://native-resilience/projections/Pilot_Point_ANVSA.zip Could not connect to the endpoint URL: "https://oidc.us-west-2.amazonaws.com/token"
upload failed: upload/Pine_Ridge_Reservation.zip to s3://native-resilience/projections/Pine_Ridge_Reservation.zip Could not connect to the endpoint URL: "https://oidc.us-west-2.amazonaws.com/token"
upload failed: upload/Pitkas_Point_ANVSA.zip to s3://native-resilience/projections/Pitkas_Point_ANVSA.zip Could not connect to the endpoint URL: "https://oidc.us-west-2.amazonaws.com/token"
upload failed: upload/Platinum_ANVSA.zip to s3://native-resilience/projections/Platinum_ANVSA.zip Could not connect to the endpoint URL: "https://oidc.us-west-2.amazonaws.com/token"
upload failed: upload/Pleasant_Point_Reservation.zip to s3://native-resilience/projections/Pleasant_Point_Reservation.zip Could not connect to the endpoint URL: "https://oidc.us-west-2.amazonaws.com/token"
upload failed: upload/Picuris_Pueblo.zip to s3://native-resilience/projections/Picuris_Pueblo.zip Could not connect to the endpoint URL: "https://oidc.us-west-2.amazonaws.com/token"
upload failed: upload/Peoria_OTSA.zip to s3://native-resilience/projections/Peoria_OTSA.zip Could not connect to the endpoint URL: "https://oidc.us-west-2.amazonaws.com/token"
upload failed: upload/Point_Hope_ANVSA.zip to s3://native-resilience/projections/Point_Hope_ANVSA.zip Could not connect to the endpoint URL: "https://oidc.us-west-2.amazonaws.com/token"
upload failed: upload/Picayune_Rancheria.zip to s3://native-resilience/projections/Picayune_Rancheria.zip Could not connect to the endpoint URL: "https://oidc.us-west-2.amazonaws.com/token"
upload failed: upload/Pokagon_Reservation.zip to s3://native-resilience/projections/Pokagon_Reservation.zip Could not connect to the endpoint URL: "https://oidc.us-west-2.amazonaws.com/token"
upload failed: upload/Point_Lay_ANVSA.zip to s3://native-resilience/projections/Point_Lay_ANVSA.zip Could not connect to the endpoint URL: "https://oidc.us-west-2.amazonaws.com/token"
upload failed: upload/Ponca_OTSA.zip to s3://native-resilience/projections/Ponca_OTSA.zip Could not connect to the endpoint URL: "https://oidc.us-west-2.amazonaws.com/token"
upload failed: upload/Pointe-au-Chien_SDTSA.zip to s3://native-resilience/projections/Pointe-au-Chien_SDTSA.zip Could not connect to the endpoint URL: "https://oidc.us-west-2.amazonaws.com/token"
upload failed: upload/Poarch_Creek_Reservation.zip to s3://native-resilience/projections/Poarch_Creek_Reservation.zip Could not connect to the endpoint URL: "https://oidc.us-west-2.amazonaws.com/token"
upload failed: upload/Pinoleville_Rancheria.zip to s3://native-resilience/projections/Pinoleville_Rancheria.zip Could not connect to the endpoint URL: "https://oidc.us-west-2.amazonaws.com/token"
upload failed: upload/Port_Alsworth_ANVSA.zip to s3://native-resilience/projections/Port_Alsworth_ANVSA.zip Could not connect to the endpoint URL: "https://oidc.us-west-2.amazonaws.com/token"
upload failed: upload/Port_Graham_ANVSA.zip to s3://native-resilience/projections/Port_Graham_ANVSA.zip Could not connect to the endpoint URL: "https://oidc.us-west-2.amazonaws.com/token"
upload failed: upload/Port_Lions_ANVSA.zip to s3://native-resilience/projections/Port_Lions_ANVSA.zip Could not connect to the endpoint URL: "https://oidc.us-west-2.amazonaws.com/token"
upload failed: upload/Port_Heiden_ANVSA.zip to s3://native-resilience/projections/Port_Heiden_ANVSA.zip Could not connect to the endpoint URL: "https://oidc.us-west-2.amazonaws.com/token"
upload failed: upload/Poospatuck_(state)_Reservation.zip to s3://native-resilience/projections/Poospatuck_(state)_Reservation.zip Could not connect to the endpoint URL: "https://oidc.us-west-2.amazonaws.com/token"
upload failed: upload/Port_Madison_Reservation.zip to s3://native-resilience/projections/Port_Madison_Reservation.zip Could not connect to the endpoint URL: "https://oidc.us-west-2.amazonaws.com/token"
upload failed: upload/Port_Gamble_Reservation.zip to s3://native-resilience/projections/Port_Gamble_Reservation.zip Could not connect to the endpoint URL: "https://oidc.us-west-2.amazonaws.com/token"
upload failed: upload/Prairie_Island_Indian_Community.zip to s3://native-resilience/projections/Prairie_Island_Indian_Community.zip Could not connect to the endpoint URL: "https://oidc.us-west-2.amazonaws.com/token"
upload failed: upload/Prairie_Band_of_Potawatomi_Nation_Reservation.zip to s3://native-resilience/projections/Prairie_Band_of_Potawatomi_Nation_Reservation.zip Could not connect to the endpoint URL: "https://oidc.us-west-2.amazonaws.com/token"
upload failed: upload/Puyallup_Reservation.zip to s3://native-resilience/projections/Puyallup_Reservation.zip Could not connect to the endpoint URL: "https://oidc.us-west-2.amazonaws.com/token"
upload failed: upload/Portage_Creek_ANVSA.zip to s3://native-resilience/projections/Portage_Creek_ANVSA.zip Could not connect to the endpoint URL: "https://oidc.us-west-2.amazonaws.com/token"
upload failed: upload/Quapaw_OTSA.zip to s3://native-resilience/projections/Quapaw_OTSA.zip Could not connect to the endpoint URL: "https://oidc.us-west-2.amazonaws.com/token"
upload failed: upload/Pyramid_Lake_Paiute_Reservation.zip to s3://native-resilience/projections/Pyramid_Lake_Paiute_Reservation.zip Could not connect to the endpoint URL: "https://oidc.us-west-2.amazonaws.com/token"
upload failed: upload/Quileute_Reservation.zip to s3://native-resilience/projections/Quileute_Reservation.zip Could not connect to the endpoint URL: "https://oidc.us-west-2.amazonaws.com/token"
upload failed: upload/Pueblo_de_Cochiti.zip to s3://native-resilience/projections/Pueblo_de_Cochiti.zip Could not connect to the endpoint URL: "https://oidc.us-west-2.amazonaws.com/token"
upload failed: upload/Quinault_Reservation.zip to s3://native-resilience/projections/Quinault_Reservation.zip Could not connect to the endpoint URL: "https://oidc.us-west-2.amazonaws.com/token"
upload failed: upload/Ramona_Village.zip to s3://native-resilience/projections/Ramona_Village.zip Could not connect to the endpoint URL: "https://oidc.us-west-2.amazonaws.com/token"
upload failed: upload/Rampart_ANVSA.zip to s3://native-resilience/projections/Rampart_ANVSA.zip Could not connect to the endpoint URL: "https://oidc.us-west-2.amazonaws.com/token"
upload failed: upload/Ramapough_SDTSA.zip to s3://native-resilience/projections/Ramapough_SDTSA.zip Could not connect to the endpoint URL: "https://oidc.us-west-2.amazonaws.com/token"
upload failed: upload/Red_Devil_ANVSA.zip to s3://native-resilience/projections/Red_Devil_ANVSA.zip Could not connect to the endpoint URL: "https://oidc.us-west-2.amazonaws.com/token"
upload failed: upload/Quartz_Valley_Reservation.zip to s3://native-resilience/projections/Quartz_Valley_Reservation.zip Could not connect to the endpoint URL: "https://oidc.us-west-2.amazonaws.com/token"
upload failed: upload/Redding_Rancheria.zip to s3://native-resilience/projections/Redding_Rancheria.zip Could not connect to the endpoint URL: "https://oidc.us-west-2.amazonaws.com/token"
upload failed: upload/Redwood_Valley_Rancheria.zip to s3://native-resilience/projections/Redwood_Valley_Rancheria.zip Could not connect to the endpoint URL: "https://oidc.us-west-2.amazonaws.com/token"
upload failed: upload/Rappahannock_TDSA.zip to s3://native-resilience/projections/Rappahannock_TDSA.zip Could not connect to the endpoint URL: "https://oidc.us-west-2.amazonaws.com/token"
upload failed: upload/Pueblo_of_Pojoaque.zip to s3://native-resilience/projections/Pueblo_of_Pojoaque.zip Could not connect to the endpoint URL: "https://oidc.us-west-2.amazonaws.com/token"
upload failed: upload/Red_Lake_Reservation.zip to s3://native-resilience/projections/Red_Lake_Reservation.zip Could not connect to the endpoint URL: "https://oidc.us-west-2.amazonaws.com/token"
upload failed: upload/Red_Cliff_Reservation.zip to s3://native-resilience/projections/Red_Cliff_Reservation.zip Could not connect to the endpoint URL: "https://oidc.us-west-2.amazonaws.com/token"
upload failed: upload/Resighini_Rancheria.zip to s3://native-resilience/projections/Resighini_Rancheria.zip Could not connect to the endpoint URL: "https://oidc.us-west-2.amazonaws.com/token"
upload failed: upload/Robinson_Rancheria.zip to s3://native-resilience/projections/Robinson_Rancheria.zip Could not connect to the endpoint URL: "https://oidc.us-west-2.amazonaws.com/token"
upload failed: upload/Rocky_Boy's_Reservation.zip to s3://native-resilience/projections/Rocky_Boy's_Reservation.zip Could not connect to the endpoint URL: "https://oidc.us-west-2.amazonaws.com/token"
upload failed: upload/Rincon_Reservation.zip to s3://native-resilience/projections/Rincon_Reservation.zip Could not connect to the endpoint URL: "https://oidc.us-west-2.amazonaws.com/token"
upload failed: upload/Ruby_ANVSA.zip to s3://native-resilience/projections/Ruby_ANVSA.zip Could not connect to the endpoint URL: "https://oidc.us-west-2.amazonaws.com/token"
upload failed: upload/Rosebud_Indian_Reservation.zip to s3://native-resilience/projections/Rosebud_Indian_Reservation.zip Could not connect to the endpoint URL: "https://oidc.us-west-2.amazonaws.com/token"
upload failed: upload/Round_Valley_Reservation.zip to s3://native-resilience/projections/Round_Valley_Reservation.zip Could not connect to the endpoint URL: "https://oidc.us-west-2.amazonaws.com/token"
upload failed: upload/Roaring_Creek_Rancheria.zip to s3://native-resilience/projections/Roaring_Creek_Rancheria.zip Could not connect to the endpoint URL: "https://oidc.us-west-2.amazonaws.com/token"
upload failed: upload/Sac_and_Fox_OTSA.zip to s3://native-resilience/projections/Sac_and_Fox_OTSA.zip Could not connect to the endpoint URL: "https://oidc.us-west-2.amazonaws.com/token"
upload failed: upload/Rumsey_Indian_Rancheria.zip to s3://native-resilience/projections/Rumsey_Indian_Rancheria.zip Could not connect to the endpoint URL: "https://oidc.us-west-2.amazonaws.com/token"
upload failed: upload/Sac_and_Fox_Nation_Reservation.zip to s3://native-resilience/projections/Sac_and_Fox_Nation_Reservation.zip Could not connect to the endpoint URL: "https://oidc.us-west-2.amazonaws.com/token"
upload failed: upload/Salt_River_Reservation.zip to s3://native-resilience/projections/Salt_River_Reservation.zip Could not connect to the endpoint URL: "https://oidc.us-west-2.amazonaws.com/token"
upload failed: upload/Reno-Sparks_Indian_Colony.zip to s3://native-resilience/projections/Reno-Sparks_Indian_Colony.zip Could not connect to the endpoint URL: "https://oidc.us-west-2.amazonaws.com/token"
upload failed: upload/Samish_TDSA.zip to s3://native-resilience/projections/Samish_TDSA.zip Could not connect to the endpoint URL: "https://oidc.us-west-2.amazonaws.com/token"
upload failed: upload/Salamatof_ANVSA.zip to s3://native-resilience/projections/Salamatof_ANVSA.zip Could not connect to the endpoint URL: "https://oidc.us-west-2.amazonaws.com/token"
upload failed: upload/Russian_Mission_ANVSA.zip to s3://native-resilience/projections/Russian_Mission_ANVSA.zip Could not connect to the endpoint URL: "https://oidc.us-west-2.amazonaws.com/token"
upload failed: upload/San_Felipe_Pueblo_and_Santo_Domingo_Pueblo_joint-use_area.zip to s3://native-resilience/projections/San_Felipe_Pueblo_and_Santo_Domingo_Pueblo_joint-use_area.zip Could not connect to the endpoint URL: "https://oidc.us-west-2.amazonaws.com/token"
upload failed: upload/San_Felipe_Pueblo_and_Santa_Ana_Pueblo_joint-use_area.zip to s3://native-resilience/projections/San_Felipe_Pueblo_and_Santa_Ana_Pueblo_joint-use_area.zip Could not connect to the endpoint URL: "https://oidc.us-west-2.amazonaws.com/token"
upload failed: upload/Sac_and_Fox_and_Meskwaki_Settlement.zip to s3://native-resilience/projections/Sac_and_Fox_and_Meskwaki_Settlement.zip Could not connect to the endpoint URL: "https://oidc.us-west-2.amazonaws.com/token"
upload failed: upload/San_Felipe_Pueblo.zip to s3://native-resilience/projections/San_Felipe_Pueblo.zip Could not connect to the endpoint URL: "https://oidc.us-west-2.amazonaws.com/token"
upload failed: upload/San_Manuel_Reservation.zip to s3://native-resilience/projections/San_Manuel_Reservation.zip Could not connect to the endpoint URL: "https://oidc.us-west-2.amazonaws.com/token"
upload failed: upload/Sand_Point_ANVSA.zip to s3://native-resilience/projections/Sand_Point_ANVSA.zip Could not connect to the endpoint URL: "https://oidc.us-west-2.amazonaws.com/token"
upload failed: upload/Santa_Ana_Pueblo.zip to s3://native-resilience/projections/Santa_Ana_Pueblo.zip Could not connect to the endpoint URL: "https://oidc.us-west-2.amazonaws.com/token"
upload failed: upload/San_Ildefonso_Pueblo.zip to s3://native-resilience/projections/San_Ildefonso_Pueblo.zip Could not connect to the endpoint URL: "https://oidc.us-west-2.amazonaws.com/token"
upload failed: upload/Sandia_Pueblo.zip to s3://native-resilience/projections/Sandia_Pueblo.zip Could not connect to the endpoint URL: "https://oidc.us-west-2.amazonaws.com/token"
upload failed: upload/Santa_Rosa_Rancheria.zip to s3://native-resilience/projections/Santa_Rosa_Rancheria.zip Could not connect to the endpoint URL: "https://oidc.us-west-2.amazonaws.com/token"
upload failed: upload/Santa_Clara_Pueblo.zip to s3://native-resilience/projections/Santa_Clara_Pueblo.zip Could not connect to the endpoint URL: "https://oidc.us-west-2.amazonaws.com/token"
upload failed: upload/Santa_Ynez_Reservation.zip to s3://native-resilience/projections/Santa_Ynez_Reservation.zip Could not connect to the endpoint URL: "https://oidc.us-west-2.amazonaws.com/token"
upload failed: upload/San_Carlos_Reservation.zip to s3://native-resilience/projections/San_Carlos_Reservation.zip Could not connect to the endpoint URL: "https://oidc.us-west-2.amazonaws.com/token"
upload failed: upload/Santee_Reservation.zip to s3://native-resilience/projections/Santee_Reservation.zip Could not connect to the endpoint URL: "https://oidc.us-west-2.amazonaws.com/token"
upload failed: upload/Santo_Domingo_Pueblo.zip to s3://native-resilience/projections/Santo_Domingo_Pueblo.zip Could not connect to the endpoint URL: "https://oidc.us-west-2.amazonaws.com/token"
upload failed: upload/Santa_Rosa_Reservation.zip to s3://native-resilience/projections/Santa_Rosa_Reservation.zip Could not connect to the endpoint URL: "https://oidc.us-west-2.amazonaws.com/token"
upload failed: upload/Sauk-Suiattle_Reservation.zip to s3://native-resilience/projections/Sauk-Suiattle_Reservation.zip Could not connect to the endpoint URL: "https://oidc.us-west-2.amazonaws.com/token"
upload failed: upload/Santee_SDTSA.zip to s3://native-resilience/projections/Santee_SDTSA.zip Could not connect to the endpoint URL: "https://oidc.us-west-2.amazonaws.com/token"
upload failed: upload/Savoonga_ANVSA.zip to s3://native-resilience/projections/Savoonga_ANVSA.zip Could not connect to the endpoint URL: "https://oidc.us-west-2.amazonaws.com/token"
upload failed: upload/San_Pasqual_Reservation.zip to s3://native-resilience/projections/San_Pasqual_Reservation.zip Could not connect to the endpoint URL: "https://oidc.us-west-2.amazonaws.com/token"
upload failed: upload/Santa_Ysabel_Reservation.zip to s3://native-resilience/projections/Santa_Ysabel_Reservation.zip Could not connect to the endpoint URL: "https://oidc.us-west-2.amazonaws.com/token"
upload failed: upload/Saxman_ANVSA.zip to s3://native-resilience/projections/Saxman_ANVSA.zip Could not connect to the endpoint URL: "https://oidc.us-west-2.amazonaws.com/token"
upload failed: upload/Scammon_Bay_ANVSA.zip to s3://native-resilience/projections/Scammon_Bay_ANVSA.zip Could not connect to the endpoint URL: "https://oidc.us-west-2.amazonaws.com/token"
upload failed: upload/Sappony_SDTSA.zip to s3://native-resilience/projections/Sappony_SDTSA.zip Could not connect to the endpoint URL: "https://oidc.us-west-2.amazonaws.com/token"
upload failed: upload/Schaghticoke_(state)_Reservation.zip to s3://native-resilience/projections/Schaghticoke_(state)_Reservation.zip Could not connect to the endpoint URL: "https://oidc.us-west-2.amazonaws.com/token"
upload failed: upload/Seminole_OTSA.zip to s3://native-resilience/projections/Seminole_OTSA.zip Could not connect to the endpoint URL: "https://oidc.us-west-2.amazonaws.com/token"
upload failed: upload/Seneca-Cayuga_OTSA.zip to s3://native-resilience/projections/Seneca-Cayuga_OTSA.zip Could not connect to the endpoint URL: "https://oidc.us-west-2.amazonaws.com/token"
upload failed: upload/Sault_Ste._Marie_Reservation.zip to s3://native-resilience/projections/Sault_Ste._Marie_Reservation.zip Could not connect to the endpoint URL: "https://oidc.us-west-2.amazonaws.com/token"
upload failed: upload/Seldovia_ANVSA.zip to s3://native-resilience/projections/Seldovia_ANVSA.zip Could not connect to the endpoint URL: "https://oidc.us-west-2.amazonaws.com/token"
upload failed: upload/Shageluk_ANVSA.zip to s3://native-resilience/projections/Shageluk_ANVSA.zip Could not connect to the endpoint URL: "https://oidc.us-west-2.amazonaws.com/token"
upload failed: upload/Sherwood_Valley_Rancheria.zip to s3://native-resilience/projections/Sherwood_Valley_Rancheria.zip Could not connect to the endpoint URL: "https://oidc.us-west-2.amazonaws.com/token"
upload failed: upload/Shingle_Springs_Rancheria.zip to s3://native-resilience/projections/Shingle_Springs_Rancheria.zip Could not connect to the endpoint URL: "https://oidc.us-west-2.amazonaws.com/token"
upload failed: upload/Selawik_ANVSA.zip to s3://native-resilience/projections/Selawik_ANVSA.zip Could not connect to the endpoint URL: "https://oidc.us-west-2.amazonaws.com/token"
upload failed: upload/Shakopee_Mdewakanton_Sioux_Community.zip to s3://native-resilience/projections/Shakopee_Mdewakanton_Sioux_Community.zip Could not connect to the endpoint URL: "https://oidc.us-west-2.amazonaws.com/token"
upload failed: upload/Shoalwater_Bay_Indian_Reservation.zip to s3://native-resilience/projections/Shoalwater_Bay_Indian_Reservation.zip Could not connect to the endpoint URL: "https://oidc.us-west-2.amazonaws.com/token"
upload failed: upload/Shishmaref_ANVSA.zip to s3://native-resilience/projections/Shishmaref_ANVSA.zip Could not connect to the endpoint URL: "https://oidc.us-west-2.amazonaws.com/token"
upload failed: upload/Shinnecock_(state)_Reservation.zip to s3://native-resilience/projections/Shinnecock_(state)_Reservation.zip Could not connect to the endpoint URL: "https://oidc.us-west-2.amazonaws.com/token"
upload failed: upload/Sitka_ANVSA.zip to s3://native-resilience/projections/Sitka_ANVSA.zip Could not connect to the endpoint URL: "https://oidc.us-west-2.amazonaws.com/token"
upload failed: upload/Shaktoolik_ANVSA.zip to s3://native-resilience/projections/Shaktoolik_ANVSA.zip Could not connect to the endpoint URL: "https://oidc.us-west-2.amazonaws.com/token"
upload failed: upload/Siletz_Reservation.zip to s3://native-resilience/projections/Siletz_Reservation.zip Could not connect to the endpoint URL: "https://oidc.us-west-2.amazonaws.com/token"
upload failed: upload/Shungnak_ANVSA.zip to s3://native-resilience/projections/Shungnak_ANVSA.zip Could not connect to the endpoint URL: "https://oidc.us-west-2.amazonaws.com/token"
upload failed: upload/Skokomish_Reservation.zip to s3://native-resilience/projections/Skokomish_Reservation.zip Could not connect to the endpoint URL: "https://oidc.us-west-2.amazonaws.com/token"
upload failed: upload/Skagway_ANVSA.zip to s3://native-resilience/projections/Skagway_ANVSA.zip Could not connect to the endpoint URL: "https://oidc.us-west-2.amazonaws.com/token"
upload failed: upload/Snoqualmie_Reservation.zip to s3://native-resilience/projections/Snoqualmie_Reservation.zip Could not connect to the endpoint URL: "https://oidc.us-west-2.amazonaws.com/token"
upload failed: upload/Soboba_Reservation.zip to s3://native-resilience/projections/Soboba_Reservation.zip Could not connect to the endpoint URL: "https://oidc.us-west-2.amazonaws.com/token"
upload failed: upload/Sleetmute_ANVSA.zip to s3://native-resilience/projections/Sleetmute_ANVSA.zip Could not connect to the endpoint URL: "https://oidc.us-west-2.amazonaws.com/token"
upload failed: upload/South_Fork_Reservation.zip to s3://native-resilience/projections/South_Fork_Reservation.zip Could not connect to the endpoint URL: "https://oidc.us-west-2.amazonaws.com/token"
upload failed: upload/Skull_Valley_Reservation.zip to s3://native-resilience/projections/Skull_Valley_Reservation.zip Could not connect to the endpoint URL: "https://oidc.us-west-2.amazonaws.com/token"
upload failed: upload/Solomon_ANVSA.zip to s3://native-resilience/projections/Solomon_ANVSA.zip Could not connect to the endpoint URL: "https://oidc.us-west-2.amazonaws.com/token"
upload failed: upload/Southeastern_Mvskoke_Nation_SDTSA.zip to s3://native-resilience/projections/Southeastern_Mvskoke_Nation_SDTSA.zip Could not connect to the endpoint URL: "https://oidc.us-west-2.amazonaws.com/token"
upload failed: upload/South_Naknek_ANVSA.zip to s3://native-resilience/projections/South_Naknek_ANVSA.zip Could not connect to the endpoint URL: "https://oidc.us-west-2.amazonaws.com/token"
upload failed: upload/Sokaogon_Chippewa_Community.zip to s3://native-resilience/projections/Sokaogon_Chippewa_Community.zip Could not connect to the endpoint URL: "https://oidc.us-west-2.amazonaws.com/token"
upload failed: upload/Spirit_Lake_Reservation.zip to s3://native-resilience/projections/Spirit_Lake_Reservation.zip Could not connect to the endpoint URL: "https://oidc.us-west-2.amazonaws.com/token"
upload failed: upload/St._Croix_Reservation.zip to s3://native-resilience/projections/St._Croix_Reservation.zip Could not connect to the endpoint URL: "https://oidc.us-west-2.amazonaws.com/token"
upload failed: upload/Southern_Ute_Reservation.zip to s3://native-resilience/projections/Southern_Ute_Reservation.zip Could not connect to the endpoint URL: "https://oidc.us-west-2.amazonaws.com/token"
upload failed: upload/Smith_River_Rancheria.zip to s3://native-resilience/projections/Smith_River_Rancheria.zip Could not connect to the endpoint URL: "https://oidc.us-west-2.amazonaws.com/token"
upload failed: upload/St._George_ANVSA.zip to s3://native-resilience/projections/St._George_ANVSA.zip Could not connect to the endpoint URL: "https://oidc.us-west-2.amazonaws.com/token"
upload failed: upload/St._Paul_ANVSA.zip to s3://native-resilience/projections/St._Paul_ANVSA.zip Could not connect to the endpoint URL: "https://oidc.us-west-2.amazonaws.com/token"
upload failed: upload/Spokane_Reservation.zip to s3://native-resilience/projections/Spokane_Reservation.zip Could not connect to the endpoint URL: "https://oidc.us-west-2.amazonaws.com/token"
upload failed: upload/Squaxin_Island_Reservation.zip to s3://native-resilience/projections/Squaxin_Island_Reservation.zip Could not connect to the endpoint URL: "https://oidc.us-west-2.amazonaws.com/token"
upload failed: upload/St._Michael_ANVSA.zip to s3://native-resilience/projections/St._Michael_ANVSA.zip Could not connect to the endpoint URL: "https://oidc.us-west-2.amazonaws.com/token"
upload failed: upload/St._Regis_Mohawk_Reservation.zip to s3://native-resilience/projections/St._Regis_Mohawk_Reservation.zip Could not connect to the endpoint URL: "https://oidc.us-west-2.amazonaws.com/token"
upload failed: upload/Standing_Rock_Reservation.zip to s3://native-resilience/projections/Standing_Rock_Reservation.zip Could not connect to the endpoint URL: "https://oidc.us-west-2.amazonaws.com/token"
upload failed: upload/Stewarts_Point_Rancheria.zip to s3://native-resilience/projections/Stewarts_Point_Rancheria.zip Could not connect to the endpoint URL: "https://oidc.us-west-2.amazonaws.com/token"
upload failed: upload/Stewart_Community.zip to s3://native-resilience/projections/Stewart_Community.zip Could not connect to the endpoint URL: "https://oidc.us-west-2.amazonaws.com/token"
upload failed: upload/Stillaguamish_Reservation.zip to s3://native-resilience/projections/Stillaguamish_Reservation.zip Could not connect to the endpoint URL: "https://oidc.us-west-2.amazonaws.com/token"
upload failed: upload/Stockbridge_Munsee_Community.zip to s3://native-resilience/projections/Stockbridge_Munsee_Community.zip Could not connect to the endpoint URL: "https://oidc.us-west-2.amazonaws.com/token"
upload failed: upload/Sulphur_Bank_Rancheria.zip to s3://native-resilience/projections/Sulphur_Bank_Rancheria.zip Could not connect to the endpoint URL: "https://oidc.us-west-2.amazonaws.com/token"
upload failed: upload/Stebbins_ANVSA.zip to s3://native-resilience/projections/Stebbins_ANVSA.zip Could not connect to the endpoint URL: "https://oidc.us-west-2.amazonaws.com/token"
upload failed: upload/Swinomish_Reservation.zip to s3://native-resilience/projections/Swinomish_Reservation.zip Could not connect to the endpoint URL: "https://oidc.us-west-2.amazonaws.com/token"
upload failed: upload/Stevens_Village_ANVSA.zip to s3://native-resilience/projections/Stevens_Village_ANVSA.zip Could not connect to the endpoint URL: "https://oidc.us-west-2.amazonaws.com/token"
upload failed: upload/Sycuan_Reservation.zip to s3://native-resilience/projections/Sycuan_Reservation.zip Could not connect to the endpoint URL: "https://oidc.us-west-2.amazonaws.com/token"
upload failed: upload/Table_Mountain_Rancheria.zip to s3://native-resilience/projections/Table_Mountain_Rancheria.zip Could not connect to the endpoint URL: "https://oidc.us-west-2.amazonaws.com/token"
upload failed: upload/Takotna_ANVSA.zip to s3://native-resilience/projections/Takotna_ANVSA.zip Could not connect to the endpoint URL: "https://oidc.us-west-2.amazonaws.com/token"
upload failed: upload/Tama_(state)_Reservation.zip to s3://native-resilience/projections/Tama_(state)_Reservation.zip Could not connect to the endpoint URL: "https://oidc.us-west-2.amazonaws.com/token"
upload failed: upload/Susanville_Indian_Rancheria.zip to s3://native-resilience/projections/Susanville_Indian_Rancheria.zip Could not connect to the endpoint URL: "https://oidc.us-west-2.amazonaws.com/token"
upload failed: upload/Tampa_Reservation.zip to s3://native-resilience/projections/Tampa_Reservation.zip Could not connect to the endpoint URL: "https://oidc.us-west-2.amazonaws.com/token"
upload failed: upload/Stony_River_ANVSA.zip to s3://native-resilience/projections/Stony_River_ANVSA.zip Could not connect to the endpoint URL: "https://oidc.us-west-2.amazonaws.com/token"
upload failed: upload/Tanacross_ANVSA.zip to s3://native-resilience/projections/Tanacross_ANVSA.zip Could not connect to the endpoint URL: "https://oidc.us-west-2.amazonaws.com/token"
upload failed: upload/Tanana_ANVSA.zip to s3://native-resilience/projections/Tanana_ANVSA.zip Could not connect to the endpoint URL: "https://oidc.us-west-2.amazonaws.com/token"
upload failed: upload/Summit_Lake_Reservation.zip to s3://native-resilience/projections/Summit_Lake_Reservation.zip Could not connect to the endpoint URL: "https://oidc.us-west-2.amazonaws.com/token"
upload failed: upload/Tazlina_ANVSA.zip to s3://native-resilience/projections/Tazlina_ANVSA.zip Could not connect to the endpoint URL: "https://oidc.us-west-2.amazonaws.com/token"
upload failed: upload/Taos_Pueblo.zip to s3://native-resilience/projections/Taos_Pueblo.zip Could not connect to the endpoint URL: "https://oidc.us-west-2.amazonaws.com/token"
upload failed: upload/Tatitlek_ANVSA.zip to s3://native-resilience/projections/Tatitlek_ANVSA.zip Could not connect to the endpoint URL: "https://oidc.us-west-2.amazonaws.com/token"
upload failed: upload/Tesuque_Pueblo.zip to s3://native-resilience/projections/Tesuque_Pueblo.zip Could not connect to the endpoint URL: "https://oidc.us-west-2.amazonaws.com/token"
upload failed: upload/Timbi-Sha_Shoshone_Reservation.zip to s3://native-resilience/projections/Timbi-Sha_Shoshone_Reservation.zip Could not connect to the endpoint URL: "https://oidc.us-west-2.amazonaws.com/token"
upload failed: upload/Telida_ANVSA.zip to s3://native-resilience/projections/Telida_ANVSA.zip Could not connect to the endpoint URL: "https://oidc.us-west-2.amazonaws.com/token"
upload failed: upload/Tetlin_ANVSA.zip to s3://native-resilience/projections/Tetlin_ANVSA.zip Could not connect to the endpoint URL: "https://oidc.us-west-2.amazonaws.com/token"
upload failed: upload/Tohono_O'odham_Nation_Reservation.zip to s3://native-resilience/projections/Tohono_O'odham_Nation_Reservation.zip Could not connect to the endpoint URL: "https://oidc.us-west-2.amazonaws.com/token"
upload failed: upload/Toksook_Bay_ANVSA.zip to s3://native-resilience/projections/Toksook_Bay_ANVSA.zip Could not connect to the endpoint URL: "https://oidc.us-west-2.amazonaws.com/token"
upload failed: upload/Togiak_ANVSA.zip to s3://native-resilience/projections/Togiak_ANVSA.zip Could not connect to the endpoint URL: "https://oidc.us-west-2.amazonaws.com/token"
upload failed: upload/Teller_ANVSA.zip to s3://native-resilience/projections/Teller_ANVSA.zip Could not connect to the endpoint URL: "https://oidc.us-west-2.amazonaws.com/token"
upload failed: upload/Torres-Martinez_Reservation.zip to s3://native-resilience/projections/Torres-Martinez_Reservation.zip Could not connect to the endpoint URL: "https://oidc.us-west-2.amazonaws.com/token"
upload failed: upload/Tonawanda_Reservation.zip to s3://native-resilience/projections/Tonawanda_Reservation.zip Could not connect to the endpoint URL: "https://oidc.us-west-2.amazonaws.com/token"
upload failed: upload/Tonkawa_OTSA.zip to s3://native-resilience/projections/Tonkawa_OTSA.zip Could not connect to the endpoint URL: "https://oidc.us-west-2.amazonaws.com/token"
upload failed: upload/Tulalip_Reservation.zip to s3://native-resilience/projections/Tulalip_Reservation.zip Could not connect to the endpoint URL: "https://oidc.us-west-2.amazonaws.com/token"
upload failed: upload/Tonto_Apache_Reservation.zip to s3://native-resilience/projections/Tonto_Apache_Reservation.zip Could not connect to the endpoint URL: "https://oidc.us-west-2.amazonaws.com/token"
upload failed: upload/Tuluksak_ANVSA.zip to s3://native-resilience/projections/Tuluksak_ANVSA.zip Could not connect to the endpoint URL: "https://oidc.us-west-2.amazonaws.com/token"
upload failed: upload/Trinidad_Rancheria.zip to s3://native-resilience/projections/Trinidad_Rancheria.zip Could not connect to the endpoint URL: "https://oidc.us-west-2.amazonaws.com/token"
upload failed: upload/Tuntutuliak_ANVSA.zip to s3://native-resilience/projections/Tuntutuliak_ANVSA.zip Could not connect to the endpoint URL: "https://oidc.us-west-2.amazonaws.com/token"
upload failed: upload/Table_Bluff_Reservation.zip to s3://native-resilience/projections/Table_Bluff_Reservation.zip Could not connect to the endpoint URL: "https://oidc.us-west-2.amazonaws.com/token"
upload failed: upload/Tuolumne_Rancheria.zip to s3://native-resilience/projections/Tuolumne_Rancheria.zip Could not connect to the endpoint URL: "https://oidc.us-west-2.amazonaws.com/token"
upload failed: upload/Tununak_ANVSA.zip to s3://native-resilience/projections/Tununak_ANVSA.zip Could not connect to the endpoint URL: "https://oidc.us-west-2.amazonaws.com/token"
upload failed: upload/Twenty-Nine_Palms_Reservation.zip to s3://native-resilience/projections/Twenty-Nine_Palms_Reservation.zip Could not connect to the endpoint URL: "https://oidc.us-west-2.amazonaws.com/token"
upload failed: upload/Tuscarora_Nation_Reservation.zip to s3://native-resilience/projections/Tuscarora_Nation_Reservation.zip Could not connect to the endpoint URL: "https://oidc.us-west-2.amazonaws.com/token"
upload failed: upload/Tyonek_ANVSA.zip to s3://native-resilience/projections/Tyonek_ANVSA.zip Could not connect to the endpoint URL: "https://oidc.us-west-2.amazonaws.com/token"
upload failed: upload/Turtle_Mountain_Reservation.zip to s3://native-resilience/projections/Turtle_Mountain_Reservation.zip Could not connect to the endpoint URL: "https://oidc.us-west-2.amazonaws.com/token"
upload failed: upload/Tule_River_Reservation.zip to s3://native-resilience/projections/Tule_River_Reservation.zip Could not connect to the endpoint URL: "https://oidc.us-west-2.amazonaws.com/token"
upload failed: upload/Umatilla_Reservation.zip to s3://native-resilience/projections/Umatilla_Reservation.zip Could not connect to the endpoint URL: "https://oidc.us-west-2.amazonaws.com/token"
upload failed: upload/Uintah_and_Ouray_Reservation.zip to s3://native-resilience/projections/Uintah_and_Ouray_Reservation.zip Could not connect to the endpoint URL: "https://oidc.us-west-2.amazonaws.com/token"
upload failed: upload/Unalakleet_ANVSA.zip to s3://native-resilience/projections/Unalakleet_ANVSA.zip Could not connect to the endpoint URL: "https://oidc.us-west-2.amazonaws.com/token"
upload failed: upload/Twin_Hills_ANVSA.zip to s3://native-resilience/projections/Twin_Hills_ANVSA.zip Could not connect to the endpoint URL: "https://oidc.us-west-2.amazonaws.com/token"
upload failed: upload/United_Cherokee_Ani-Yun-Wiya_Nation_SDTSA.zip to s3://native-resilience/projections/United_Cherokee_Ani-Yun-Wiya_Nation_SDTSA.zip Could not connect to the endpoint URL: "https://oidc.us-west-2.amazonaws.com/token"
upload failed: upload/Ugashik_ANVSA.zip to s3://native-resilience/projections/Ugashik_ANVSA.zip Could not connect to the endpoint URL: "https://oidc.us-west-2.amazonaws.com/token"
upload failed: upload/United_Houma_Nation_SDTSA.zip to s3://native-resilience/projections/United_Houma_Nation_SDTSA.zip Could not connect to the endpoint URL: "https://oidc.us-west-2.amazonaws.com/token"
upload failed: upload/Upper_Lake_Rancheria.zip to s3://native-resilience/projections/Upper_Lake_Rancheria.zip Could not connect to the endpoint URL: "https://oidc.us-west-2.amazonaws.com/token"
upload failed: upload/Unalaska_ANVSA.zip to s3://native-resilience/projections/Unalaska_ANVSA.zip Could not connect to the endpoint URL: "https://oidc.us-west-2.amazonaws.com/token"
upload failed: upload/Ute_Mountain_Reservation.zip to s3://native-resilience/projections/Ute_Mountain_Reservation.zip Could not connect to the endpoint URL: "https://oidc.us-west-2.amazonaws.com/token"
upload failed: upload/Tunica-Biloxi_Reservation.zip to s3://native-resilience/projections/Tunica-Biloxi_Reservation.zip Could not connect to the endpoint URL: "https://oidc.us-west-2.amazonaws.com/token"
upload failed: upload/Upper_Sioux_Community.zip to s3://native-resilience/projections/Upper_Sioux_Community.zip Could not connect to the endpoint URL: "https://oidc.us-west-2.amazonaws.com/token"
upload failed: upload/Upper_Skagit_Reservation.zip to s3://native-resilience/projections/Upper_Skagit_Reservation.zip Could not connect to the endpoint URL: "https://oidc.us-west-2.amazonaws.com/token"
upload failed: upload/Viejas_Reservation.zip to s3://native-resilience/projections/Viejas_Reservation.zip Could not connect to the endpoint URL: "https://oidc.us-west-2.amazonaws.com/token"
upload failed: upload/Waccamaw_SDTSA.zip to s3://native-resilience/projections/Waccamaw_SDTSA.zip Could not connect to the endpoint URL: "https://oidc.us-west-2.amazonaws.com/token"
upload failed: upload/Upper_South_Carolina_Pee_Dee_SDTSA.zip to s3://native-resilience/projections/Upper_South_Carolina_Pee_Dee_SDTSA.zip Could not connect to the endpoint URL: "https://oidc.us-west-2.amazonaws.com/token"
upload failed: upload/Wales_ANVSA.zip to s3://native-resilience/projections/Wales_ANVSA.zip Could not connect to the endpoint URL: "https://oidc.us-west-2.amazonaws.com/token"
upload failed: upload/Waccamaw_Siouan_SDTSA.zip to s3://native-resilience/projections/Waccamaw_Siouan_SDTSA.zip Could not connect to the endpoint URL: "https://oidc.us-west-2.amazonaws.com/token"
upload failed: upload/Walker_River_Reservation.zip to s3://native-resilience/projections/Walker_River_Reservation.zip Could not connect to the endpoint URL: "https://oidc.us-west-2.amazonaws.com/token"
upload failed: upload/Wassamasaw_SDTSA.zip to s3://native-resilience/projections/Wassamasaw_SDTSA.zip Could not connect to the endpoint URL: "https://oidc.us-west-2.amazonaws.com/token"
upload failed: upload/Wainwright_ANVSA.zip to s3://native-resilience/projections/Wainwright_ANVSA.zip Could not connect to the endpoint URL: "https://oidc.us-west-2.amazonaws.com/token"
upload failed: upload/Warm_Springs_Reservation.zip to s3://native-resilience/projections/Warm_Springs_Reservation.zip Could not connect to the endpoint URL: "https://oidc.us-west-2.amazonaws.com/token"
upload failed: upload/Wells_Colony.zip to s3://native-resilience/projections/Wells_Colony.zip Could not connect to the endpoint URL: "https://oidc.us-west-2.amazonaws.com/token"
upload failed: upload/Uyak_ANVSA.zip to s3://native-resilience/projections/Uyak_ANVSA.zip Could not connect to the endpoint URL: "https://oidc.us-west-2.amazonaws.com/token"
upload failed: upload/Wind_River_Reservation.zip to s3://native-resilience/projections/Wind_River_Reservation.zip Could not connect to the endpoint URL: "https://oidc.us-west-2.amazonaws.com/token"
upload failed: upload/White_Earth_Reservation.zip to s3://native-resilience/projections/White_Earth_Reservation.zip Could not connect to the endpoint URL: "https://oidc.us-west-2.amazonaws.com/token"
upload failed: upload/Winnemucca_Indian_Colony.zip to s3://native-resilience/projections/Winnemucca_Indian_Colony.zip Could not connect to the endpoint URL: "https://oidc.us-west-2.amazonaws.com/token"
upload failed: upload/Woodfords_Community.zip to s3://native-resilience/projections/Woodfords_Community.zip Could not connect to the endpoint URL: "https://oidc.us-west-2.amazonaws.com/token"
upload failed: upload/Venetie_ANVSA.zip to s3://native-resilience/projections/Venetie_ANVSA.zip Could not connect to the endpoint URL: "https://oidc.us-west-2.amazonaws.com/token"
upload failed: upload/White_Mountain_ANVSA.zip to s3://native-resilience/projections/White_Mountain_ANVSA.zip Could not connect to the endpoint URL: "https://oidc.us-west-2.amazonaws.com/token"
upload failed: upload/XL_Ranch_Rancheria.zip to s3://native-resilience/projections/XL_Ranch_Rancheria.zip Could not connect to the endpoint URL: "https://oidc.us-west-2.amazonaws.com/token"
upload failed: upload/Yakutat_ANVSA.zip to s3://native-resilience/projections/Yakutat_ANVSA.zip Could not connect to the endpoint URL: "https://oidc.us-west-2.amazonaws.com/token"
upload failed: upload/Wrangell_ANVSA.zip to s3://native-resilience/projections/Wrangell_ANVSA.zip Could not connect to the endpoint URL: "https://oidc.us-west-2.amazonaws.com/token"
upload failed: upload/Yavapai-Apache_Nation_Reservation.zip to s3://native-resilience/projections/Yavapai-Apache_Nation_Reservation.zip Could not connect to the endpoint URL: "https://oidc.us-west-2.amazonaws.com/token"
upload failed: upload/Yavapai-Prescott_Reservation.zip to s3://native-resilience/projections/Yavapai-Prescott_Reservation.zip Could not connect to the endpoint URL: "https://oidc.us-west-2.amazonaws.com/token"
upload failed: upload/Yankton_Reservation.zip to s3://native-resilience/projections/Yankton_Reservation.zip Could not connect to the endpoint URL: "https://oidc.us-west-2.amazonaws.com/token"
upload failed: upload/Yomba_Reservation.zip to s3://native-resilience/projections/Yomba_Reservation.zip Could not connect to the endpoint URL: "https://oidc.us-west-2.amazonaws.com/token"
upload failed: upload/Winnebago_Reservation.zip to s3://native-resilience/projections/Winnebago_Reservation.zip Could not connect to the endpoint URL: "https://oidc.us-west-2.amazonaws.com/token"
upload failed: upload/Ysleta_del_Sur_Pueblo.zip to s3://native-resilience/projections/Ysleta_del_Sur_Pueblo.zip Could not connect to the endpoint URL: "https://oidc.us-west-2.amazonaws.com/token"
upload failed: upload/Zia_Pueblo.zip to s3://native-resilience/projections/Zia_Pueblo.zip Could not connect to the endpoint URL: "https://oidc.us-west-2.amazonaws.com/token"
upload failed: upload/Yakama_Nation_Reservation.zip to s3://native-resilience/projections/Yakama_Nation_Reservation.zip Could not connect to the endpoint URL: "https://oidc.us-west-2.amazonaws.com/token"
upload failed: upload/pdf/Acoma Pueblo_CMIP6-climate-projections.pdf to s3://native-resilience/projections/pdf/Acoma Pueblo_CMIP6-climate-projections.pdf Could not connect to the endpoint URL: "https://oidc.us-west-2.amazonaws.com/token"
upload failed: upload/pdf/Adai Caddo SDTSA_CMIP6-climate-projections.pdf to s3://native-resilience/projections/pdf/Adai Caddo SDTSA_CMIP6-climate-projections.pdf Could not connect to the endpoint URL: "https://oidc.us-west-2.amazonaws.com/token"
upload failed: upload/pdf/Agua Caliente Indian Reservation_CMIP6-climate-projections.pdf to s3://native-resilience/projections/pdf/Agua Caliente Indian Reservation_CMIP6-climate-projections.pdf Could not connect to the endpoint URL: "https://oidc.us-west-2.amazonaws.com/token"
upload failed: upload/pdf/Akhiok ANVSA_CMIP6-climate-projections.pdf to s3://native-resilience/projections/pdf/Akhiok ANVSA_CMIP6-climate-projections.pdf Could not connect to the endpoint URL: "https://oidc.us-west-2.amazonaws.com/token"
upload failed: upload/pdf/Akiachak ANVSA_CMIP6-climate-projections.pdf to s3://native-resilience/projections/pdf/Akiachak ANVSA_CMIP6-climate-projections.pdf Could not connect to the endpoint URL: "https://oidc.us-west-2.amazonaws.com/token"
upload failed: upload/pdf/Akiak ANVSA_CMIP6-climate-projections.pdf to s3://native-resilience/projections/pdf/Akiak ANVSA_CMIP6-climate-projections.pdf Could not connect to the endpoint URL: "https://oidc.us-west-2.amazonaws.com/token"
upload failed: upload/pdf/Akutan ANVSA_CMIP6-climate-projections.pdf to s3://native-resilience/projections/pdf/Akutan ANVSA_CMIP6-climate-projections.pdf Could not connect to the endpoint URL: "https://oidc.us-west-2.amazonaws.com/token"
upload failed: upload/pdf/Alabama-Coushatta Reservation_CMIP6-climate-projections.pdf to s3://native-resilience/projections/pdf/Alabama-Coushatta Reservation_CMIP6-climate-projections.pdf Could not connect to the endpoint URL: "https://oidc.us-west-2.amazonaws.com/token"
upload failed: upload/pdf/Alakanuk ANVSA_CMIP6-climate-projections.pdf to s3://native-resilience/projections/pdf/Alakanuk ANVSA_CMIP6-climate-projections.pdf Could not connect to the endpoint URL: "https://oidc.us-west-2.amazonaws.com/token"
upload failed: upload/pdf/Alatna ANVSA_CMIP6-climate-projections.pdf to s3://native-resilience/projections/pdf/Alatna ANVSA_CMIP6-climate-projections.pdf Could not connect to the endpoint URL: "https://oidc.us-west-2.amazonaws.com/token"
upload failed: upload/Wyandotte_OTSA.zip to s3://native-resilience/projections/Wyandotte_OTSA.zip Could not connect to the endpoint URL: "https://oidc.us-west-2.amazonaws.com/token"
upload failed: upload/Yurok_Reservation.zip to s3://native-resilience/projections/Yurok_Reservation.zip Could not connect to the endpoint URL: "https://oidc.us-west-2.amazonaws.com/token"
upload failed: upload/pdf/Algaaciq ANVSA_CMIP6-climate-projections.pdf to s3://native-resilience/projections/pdf/Algaaciq ANVSA_CMIP6-climate-projections.pdf Could not connect to the endpoint URL: "https://oidc.us-west-2.amazonaws.com/token"
upload failed: upload/pdf/Allakaket ANVSA_CMIP6-climate-projections.pdf to s3://native-resilience/projections/pdf/Allakaket ANVSA_CMIP6-climate-projections.pdf Could not connect to the endpoint URL: "https://oidc.us-west-2.amazonaws.com/token"
upload failed: upload/pdf/Allegany Reservation_CMIP6-climate-projections.pdf to s3://native-resilience/projections/pdf/Allegany Reservation_CMIP6-climate-projections.pdf Could not connect to the endpoint URL: "https://oidc.us-west-2.amazonaws.com/token"
upload failed: upload/pdf/Alturas Indian Rancheria_CMIP6-climate-projections.pdf to s3://native-resilience/projections/pdf/Alturas Indian Rancheria_CMIP6-climate-projections.pdf Could not connect to the endpoint URL: "https://oidc.us-west-2.amazonaws.com/token"
upload failed: upload/pdf/Anaktuvuk Pass ANVSA_CMIP6-climate-projections.pdf to s3://native-resilience/projections/pdf/Anaktuvuk Pass ANVSA_CMIP6-climate-projections.pdf Could not connect to the endpoint URL: "https://oidc.us-west-2.amazonaws.com/token"
upload failed: upload/pdf/Andreafsky ANVSA_CMIP6-climate-projections.pdf to s3://native-resilience/projections/pdf/Andreafsky ANVSA_CMIP6-climate-projections.pdf Could not connect to the endpoint URL: "https://oidc.us-west-2.amazonaws.com/token"
upload failed: upload/pdf/Angoon ANVSA_CMIP6-climate-projections.pdf to s3://native-resilience/projections/pdf/Angoon ANVSA_CMIP6-climate-projections.pdf Could not connect to the endpoint URL: "https://oidc.us-west-2.amazonaws.com/token"
upload failed: upload/pdf/Aniak ANVSA_CMIP6-climate-projections.pdf to s3://native-resilience/projections/pdf/Aniak ANVSA_CMIP6-climate-projections.pdf Could not connect to the endpoint URL: "https://oidc.us-west-2.amazonaws.com/token"
upload failed: upload/pdf/Annette Island Reserve_CMIP6-climate-projections.pdf to s3://native-resilience/projections/pdf/Annette Island Reserve_CMIP6-climate-projections.pdf Could not connect to the endpoint URL: "https://oidc.us-west-2.amazonaws.com/token"
upload failed: upload/pdf/Anvik ANVSA_CMIP6-climate-projections.pdf to s3://native-resilience/projections/pdf/Anvik ANVSA_CMIP6-climate-projections.pdf Could not connect to the endpoint URL: "https://oidc.us-west-2.amazonaws.com/token"
upload failed: upload/pdf/Apache Choctaw SDTSA_CMIP6-climate-projections.pdf to s3://native-resilience/projections/pdf/Apache Choctaw SDTSA_CMIP6-climate-projections.pdf Could not connect to the endpoint URL: "https://oidc.us-west-2.amazonaws.com/token"
upload failed: upload/pdf/Arctic Village ANVSA_CMIP6-climate-projections.pdf to s3://native-resilience/projections/pdf/Arctic Village ANVSA_CMIP6-climate-projections.pdf Could not connect to the endpoint URL: "https://oidc.us-west-2.amazonaws.com/token"
upload failed: upload/pdf/Atka ANVSA_CMIP6-climate-projections.pdf to s3://native-resilience/projections/pdf/Atka ANVSA_CMIP6-climate-projections.pdf Could not connect to the endpoint URL: "https://oidc.us-west-2.amazonaws.com/token"
upload failed: upload/pdf/Atmautluak ANVSA_CMIP6-climate-projections.pdf to s3://native-resilience/projections/pdf/Atmautluak ANVSA_CMIP6-climate-projections.pdf Could not connect to the endpoint URL: "https://oidc.us-west-2.amazonaws.com/token"
upload failed: upload/Yerington_Colony.zip to s3://native-resilience/projections/Yerington_Colony.zip Could not connect to the endpoint URL: "https://oidc.us-west-2.amazonaws.com/token"
upload failed: upload/pdf/Atqasuk ANVSA_CMIP6-climate-projections.pdf to s3://native-resilience/projections/pdf/Atqasuk ANVSA_CMIP6-climate-projections.pdf Could not connect to the endpoint URL: "https://oidc.us-west-2.amazonaws.com/token"
upload failed: upload/pdf/Auburn Rancheria_CMIP6-climate-projections.pdf to s3://native-resilience/projections/pdf/Auburn Rancheria_CMIP6-climate-projections.pdf Could not connect to the endpoint URL: "https://oidc.us-west-2.amazonaws.com/token"
upload failed: upload/pdf/Augustine Reservation_CMIP6-climate-projections.pdf to s3://native-resilience/projections/pdf/Augustine Reservation_CMIP6-climate-projections.pdf Could not connect to the endpoint URL: "https://oidc.us-west-2.amazonaws.com/token"
upload failed: upload/pdf/Bad River Reservation_CMIP6-climate-projections.pdf to s3://native-resilience/projections/pdf/Bad River Reservation_CMIP6-climate-projections.pdf Could not connect to the endpoint URL: "https://oidc.us-west-2.amazonaws.com/token"
upload failed: upload/pdf/Barona Reservation_CMIP6-climate-projections.pdf to s3://native-resilience/projections/pdf/Barona Reservation_CMIP6-climate-projections.pdf Could not connect to the endpoint URL: "https://oidc.us-west-2.amazonaws.com/token"
upload failed: upload/pdf/Barrow ANVSA_CMIP6-climate-projections.pdf to s3://native-resilience/projections/pdf/Barrow ANVSA_CMIP6-climate-projections.pdf Could not connect to the endpoint URL: "https://oidc.us-west-2.amazonaws.com/token"
upload failed: upload/pdf/Battle Mountain Reservation_CMIP6-climate-projections.pdf to s3://native-resilience/projections/pdf/Battle Mountain Reservation_CMIP6-climate-projections.pdf Could not connect to the endpoint URL: "https://oidc.us-west-2.amazonaws.com/token"
upload failed: upload/pdf/Bay Mills Reservation_CMIP6-climate-projections.pdf to s3://native-resilience/projections/pdf/Bay Mills Reservation_CMIP6-climate-projections.pdf Could not connect to the endpoint URL: "https://oidc.us-west-2.amazonaws.com/token"
upload failed: upload/pdf/Ambler ANVSA_CMIP6-climate-projections.pdf to s3://native-resilience/projections/pdf/Ambler ANVSA_CMIP6-climate-projections.pdf Could not connect to the endpoint URL: "https://oidc.us-west-2.amazonaws.com/token"
upload failed: upload/pdf/Beaver Creek SDTSA_CMIP6-climate-projections.pdf to s3://native-resilience/projections/pdf/Beaver Creek SDTSA_CMIP6-climate-projections.pdf Could not connect to the endpoint URL: "https://oidc.us-west-2.amazonaws.com/token"
upload failed: upload/pdf/Belkofski ANVSA_CMIP6-climate-projections.pdf to s3://native-resilience/projections/pdf/Belkofski ANVSA_CMIP6-climate-projections.pdf Could not connect to the endpoint URL: "https://oidc.us-west-2.amazonaws.com/token"
upload failed: upload/pdf/Benton Paiute Reservation_CMIP6-climate-projections.pdf to s3://native-resilience/projections/pdf/Benton Paiute Reservation_CMIP6-climate-projections.pdf Could not connect to the endpoint URL: "https://oidc.us-west-2.amazonaws.com/token"
upload failed: upload/pdf/Berry Creek Rancheria_CMIP6-climate-projections.pdf to s3://native-resilience/projections/pdf/Berry Creek Rancheria_CMIP6-climate-projections.pdf Could not connect to the endpoint URL: "https://oidc.us-west-2.amazonaws.com/token"
upload failed: upload/Zuni_Reservation.zip to s3://native-resilience/projections/Zuni_Reservation.zip Could not connect to the endpoint URL: "https://oidc.us-west-2.amazonaws.com/token"
upload failed: upload/pdf/Bethel ANVSA_CMIP6-climate-projections.pdf to s3://native-resilience/projections/pdf/Bethel ANVSA_CMIP6-climate-projections.pdf Could not connect to the endpoint URL: "https://oidc.us-west-2.amazonaws.com/token"
upload failed: upload/pdf/Big Bend Rancheria_CMIP6-climate-projections.pdf to s3://native-resilience/projections/pdf/Big Bend Rancheria_CMIP6-climate-projections.pdf Could not connect to the endpoint URL: "https://oidc.us-west-2.amazonaws.com/token"
upload failed: upload/pdf/Big Cypress Reservation_CMIP6-climate-projections.pdf to s3://native-resilience/projections/pdf/Big Cypress Reservation_CMIP6-climate-projections.pdf Could not connect to the endpoint URL: "https://oidc.us-west-2.amazonaws.com/token"
upload failed: upload/pdf/Big Lagoon Rancheria_CMIP6-climate-projections.pdf to s3://native-resilience/projections/pdf/Big Lagoon Rancheria_CMIP6-climate-projections.pdf Could not connect to the endpoint URL: "https://oidc.us-west-2.amazonaws.com/token"
upload failed: upload/pdf/Big Pine Reservation_CMIP6-climate-projections.pdf to s3://native-resilience/projections/pdf/Big Pine Reservation_CMIP6-climate-projections.pdf Could not connect to the endpoint URL: "https://oidc.us-west-2.amazonaws.com/token"
upload failed: upload/pdf/Big Sandy Rancheria_CMIP6-climate-projections.pdf to s3://native-resilience/projections/pdf/Big Sandy Rancheria_CMIP6-climate-projections.pdf Could not connect to the endpoint URL: "https://oidc.us-west-2.amazonaws.com/token"
upload failed: upload/pdf/Big Valley Rancheria_CMIP6-climate-projections.pdf to s3://native-resilience/projections/pdf/Big Valley Rancheria_CMIP6-climate-projections.pdf Could not connect to the endpoint URL: "https://oidc.us-west-2.amazonaws.com/token"
upload failed: upload/pdf/Bayou Lafourche SDTSA_CMIP6-climate-projections.pdf to s3://native-resilience/projections/pdf/Bayou Lafourche SDTSA_CMIP6-climate-projections.pdf Could not connect to the endpoint URL: "https://oidc.us-west-2.amazonaws.com/token"
upload failed: upload/pdf/Aleknagik ANVSA_CMIP6-climate-projections.pdf to s3://native-resilience/projections/pdf/Aleknagik ANVSA_CMIP6-climate-projections.pdf Could not connect to the endpoint URL: "https://oidc.us-west-2.amazonaws.com/token"
upload failed: upload/pdf/Blackfeet Indian Reservation_CMIP6-climate-projections.pdf to s3://native-resilience/projections/pdf/Blackfeet Indian Reservation_CMIP6-climate-projections.pdf Could not connect to the endpoint URL: "https://oidc.us-west-2.amazonaws.com/token"
upload failed: upload/pdf/Blue Lake Rancheria_CMIP6-climate-projections.pdf to s3://native-resilience/projections/pdf/Blue Lake Rancheria_CMIP6-climate-projections.pdf Could not connect to the endpoint URL: "https://oidc.us-west-2.amazonaws.com/token"
upload failed: upload/pdf/Bois Forte Reservation_CMIP6-climate-projections.pdf to s3://native-resilience/projections/pdf/Bois Forte Reservation_CMIP6-climate-projections.pdf Could not connect to the endpoint URL: "https://oidc.us-west-2.amazonaws.com/token"
upload failed: upload/pdf/Brevig Mission ANVSA_CMIP6-climate-projections.pdf to s3://native-resilience/projections/pdf/Brevig Mission ANVSA_CMIP6-climate-projections.pdf Could not connect to the endpoint URL: "https://oidc.us-west-2.amazonaws.com/token"
upload failed: upload/pdf/Bridgeport Reservation_CMIP6-climate-projections.pdf to s3://native-resilience/projections/pdf/Bridgeport Reservation_CMIP6-climate-projections.pdf Could not connect to the endpoint URL: "https://oidc.us-west-2.amazonaws.com/token"
upload failed: upload/pdf/Brighton Reservation_CMIP6-climate-projections.pdf to s3://native-resilience/projections/pdf/Brighton Reservation_CMIP6-climate-projections.pdf Could not connect to the endpoint URL: "https://oidc.us-west-2.amazonaws.com/token"
upload failed: upload/pdf/Buckland ANVSA_CMIP6-climate-projections.pdf to s3://native-resilience/projections/pdf/Buckland ANVSA_CMIP6-climate-projections.pdf Could not connect to the endpoint URL: "https://oidc.us-west-2.amazonaws.com/token"
upload failed: upload/pdf/Burns Paiute Indian Colony_CMIP6-climate-projections.pdf to s3://native-resilience/projections/pdf/Burns Paiute Indian Colony_CMIP6-climate-projections.pdf Could not connect to the endpoint URL: "https://oidc.us-west-2.amazonaws.com/token"
upload failed: upload/pdf/Cabazon Reservation_CMIP6-climate-projections.pdf to s3://native-resilience/projections/pdf/Cabazon Reservation_CMIP6-climate-projections.pdf Could not connect to the endpoint URL: "https://oidc.us-west-2.amazonaws.com/token"
upload failed: upload/pdf/Caddo-Wichita-Delaware OTSA_CMIP6-climate-projections.pdf to s3://native-resilience/projections/pdf/Caddo-Wichita-Delaware OTSA_CMIP6-climate-projections.pdf Could not connect to the endpoint URL: "https://oidc.us-west-2.amazonaws.com/token"
upload failed: upload/pdf/Cahuilla Reservation_CMIP6-climate-projections.pdf to s3://native-resilience/projections/pdf/Cahuilla Reservation_CMIP6-climate-projections.pdf Could not connect to the endpoint URL: "https://oidc.us-west-2.amazonaws.com/token"
upload failed: upload/pdf/Campbell Ranch_CMIP6-climate-projections.pdf to s3://native-resilience/projections/pdf/Campbell Ranch_CMIP6-climate-projections.pdf Could not connect to the endpoint URL: "https://oidc.us-west-2.amazonaws.com/token"
upload failed: upload/pdf/Campo Indian Reservation_CMIP6-climate-projections.pdf to s3://native-resilience/projections/pdf/Campo Indian Reservation_CMIP6-climate-projections.pdf Could not connect to the endpoint URL: "https://oidc.us-west-2.amazonaws.com/token"
upload failed: upload/pdf/Cantwell ANVSA_CMIP6-climate-projections.pdf to s3://native-resilience/projections/pdf/Cantwell ANVSA_CMIP6-climate-projections.pdf Could not connect to the endpoint URL: "https://oidc.us-west-2.amazonaws.com/token"
upload failed: upload/pdf/Canyon Village ANVSA_CMIP6-climate-projections.pdf to s3://native-resilience/projections/pdf/Canyon Village ANVSA_CMIP6-climate-projections.pdf Could not connect to the endpoint URL: "https://oidc.us-west-2.amazonaws.com/token"
upload failed: upload/pdf/Capitan Grande Reservation_CMIP6-climate-projections.pdf to s3://native-resilience/projections/pdf/Capitan Grande Reservation_CMIP6-climate-projections.pdf Could not connect to the endpoint URL: "https://oidc.us-west-2.amazonaws.com/token"
upload failed: upload/pdf/Carson Colony_CMIP6-climate-projections.pdf to s3://native-resilience/projections/pdf/Carson Colony_CMIP6-climate-projections.pdf Could not connect to the endpoint URL: "https://oidc.us-west-2.amazonaws.com/token"
upload failed: upload/pdf/Catawba Reservation_CMIP6-climate-projections.pdf to s3://native-resilience/projections/pdf/Catawba Reservation_CMIP6-climate-projections.pdf Could not connect to the endpoint URL: "https://oidc.us-west-2.amazonaws.com/token"
upload failed: upload/pdf/Cattaraugus Reservation_CMIP6-climate-projections.pdf to s3://native-resilience/projections/pdf/Cattaraugus Reservation_CMIP6-climate-projections.pdf Could not connect to the endpoint URL: "https://oidc.us-west-2.amazonaws.com/token"
upload failed: upload/pdf/Cayuga Nation TDSA_CMIP6-climate-projections.pdf to s3://native-resilience/projections/pdf/Cayuga Nation TDSA_CMIP6-climate-projections.pdf Could not connect to the endpoint URL: "https://oidc.us-west-2.amazonaws.com/token"
upload failed: upload/pdf/Cedarville Rancheria_CMIP6-climate-projections.pdf to s3://native-resilience/projections/pdf/Cedarville Rancheria_CMIP6-climate-projections.pdf Could not connect to the endpoint URL: "https://oidc.us-west-2.amazonaws.com/token"
upload failed: upload/pdf/Chalkyitsik ANVSA_CMIP6-climate-projections.pdf to s3://native-resilience/projections/pdf/Chalkyitsik ANVSA_CMIP6-climate-projections.pdf Could not connect to the endpoint URL: "https://oidc.us-west-2.amazonaws.com/token"
upload failed: upload/pdf/Chefornak ANVSA_CMIP6-climate-projections.pdf to s3://native-resilience/projections/pdf/Chefornak ANVSA_CMIP6-climate-projections.pdf Could not connect to the endpoint URL: "https://oidc.us-west-2.amazonaws.com/token"
upload failed: upload/pdf/Chehalis Reservation_CMIP6-climate-projections.pdf to s3://native-resilience/projections/pdf/Chehalis Reservation_CMIP6-climate-projections.pdf Could not connect to the endpoint URL: "https://oidc.us-west-2.amazonaws.com/token"
upload failed: upload/pdf/Chemehuevi Reservation_CMIP6-climate-projections.pdf to s3://native-resilience/projections/pdf/Chemehuevi Reservation_CMIP6-climate-projections.pdf Could not connect to the endpoint URL: "https://oidc.us-west-2.amazonaws.com/token"
upload failed: upload/pdf/Chenega ANVSA_CMIP6-climate-projections.pdf to s3://native-resilience/projections/pdf/Chenega ANVSA_CMIP6-climate-projections.pdf Could not connect to the endpoint URL: "https://oidc.us-west-2.amazonaws.com/token"
upload failed: upload/pdf/Cher-O-Creek SDTSA_CMIP6-climate-projections.pdf to s3://native-resilience/projections/pdf/Cher-O-Creek SDTSA_CMIP6-climate-projections.pdf Could not connect to the endpoint URL: "https://oidc.us-west-2.amazonaws.com/token"
upload failed: upload/pdf/Cherokee OTSA_CMIP6-climate-projections.pdf to s3://native-resilience/projections/pdf/Cherokee OTSA_CMIP6-climate-projections.pdf Could not connect to the endpoint URL: "https://oidc.us-west-2.amazonaws.com/token"
upload failed: upload/pdf/Birch Creek ANVSA_CMIP6-climate-projections.pdf to s3://native-resilience/projections/pdf/Birch Creek ANVSA_CMIP6-climate-projections.pdf Could not connect to the endpoint URL: "https://oidc.us-west-2.amazonaws.com/token"
upload failed: upload/pdf/Beaver ANVSA_CMIP6-climate-projections.pdf to s3://native-resilience/projections/pdf/Beaver ANVSA_CMIP6-climate-projections.pdf Could not connect to the endpoint URL: "https://oidc.us-west-2.amazonaws.com/token"
upload failed: upload/pdf/Cheyenne River Reservation_CMIP6-climate-projections.pdf to s3://native-resilience/projections/pdf/Cheyenne River Reservation_CMIP6-climate-projections.pdf Could not connect to the endpoint URL: "https://oidc.us-west-2.amazonaws.com/token"
upload failed: upload/pdf/Cheyenne and Arapaho OTSA_CMIP6-climate-projections.pdf to s3://native-resilience/projections/pdf/Cheyenne and Arapaho OTSA_CMIP6-climate-projections.pdf Could not connect to the endpoint URL: "https://oidc.us-west-2.amazonaws.com/token"
upload failed: upload/pdf/Chickahominy TDSA_CMIP6-climate-projections.pdf to s3://native-resilience/projections/pdf/Chickahominy TDSA_CMIP6-climate-projections.pdf Could not connect to the endpoint URL: "https://oidc.us-west-2.amazonaws.com/token"
upload failed: upload/pdf/Chickaloon ANVSA_CMIP6-climate-projections.pdf to s3://native-resilience/projections/pdf/Chickaloon ANVSA_CMIP6-climate-projections.pdf Could not connect to the endpoint URL: "https://oidc.us-west-2.amazonaws.com/token"
upload failed: upload/pdf/Chickasaw OTSA_CMIP6-climate-projections.pdf to s3://native-resilience/projections/pdf/Chickasaw OTSA_CMIP6-climate-projections.pdf Could not connect to the endpoint URL: "https://oidc.us-west-2.amazonaws.com/token"
upload failed: upload/pdf/Chicken Ranch Rancheria_CMIP6-climate-projections.pdf to s3://native-resilience/projections/pdf/Chicken Ranch Rancheria_CMIP6-climate-projections.pdf Could not connect to the endpoint URL: "https://oidc.us-west-2.amazonaws.com/token"
upload failed: upload/pdf/Chignik ANVSA_CMIP6-climate-projections.pdf to s3://native-resilience/projections/pdf/Chignik ANVSA_CMIP6-climate-projections.pdf Could not connect to the endpoint URL: "https://oidc.us-west-2.amazonaws.com/token"
upload failed: upload/pdf/Chignik Lagoon ANVSA_CMIP6-climate-projections.pdf to s3://native-resilience/projections/pdf/Chignik Lagoon ANVSA_CMIP6-climate-projections.pdf Could not connect to the endpoint URL: "https://oidc.us-west-2.amazonaws.com/token"
upload failed: upload/pdf/Chignik Lake ANVSA_CMIP6-climate-projections.pdf to s3://native-resilience/projections/pdf/Chignik Lake ANVSA_CMIP6-climate-projections.pdf Could not connect to the endpoint URL: "https://oidc.us-west-2.amazonaws.com/token"
upload failed: upload/pdf/Chilkat ANVSA_CMIP6-climate-projections.pdf to s3://native-resilience/projections/pdf/Chilkat ANVSA_CMIP6-climate-projections.pdf Could not connect to the endpoint URL: "https://oidc.us-west-2.amazonaws.com/token"
upload failed: upload/pdf/Chilkoot ANVSA_CMIP6-climate-projections.pdf to s3://native-resilience/projections/pdf/Chilkoot ANVSA_CMIP6-climate-projections.pdf Could not connect to the endpoint URL: "https://oidc.us-west-2.amazonaws.com/token"
upload failed: upload/pdf/Chistochina ANVSA_CMIP6-climate-projections.pdf to s3://native-resilience/projections/pdf/Chistochina ANVSA_CMIP6-climate-projections.pdf Could not connect to the endpoint URL: "https://oidc.us-west-2.amazonaws.com/token"
upload failed: upload/pdf/Chitimacha Reservation_CMIP6-climate-projections.pdf to s3://native-resilience/projections/pdf/Chitimacha Reservation_CMIP6-climate-projections.pdf Could not connect to the endpoint URL: "https://oidc.us-west-2.amazonaws.com/token"
upload failed: upload/pdf/Chitina ANVSA_CMIP6-climate-projections.pdf to s3://native-resilience/projections/pdf/Chitina ANVSA_CMIP6-climate-projections.pdf Could not connect to the endpoint URL: "https://oidc.us-west-2.amazonaws.com/token"
upload failed: upload/pdf/Choctaw OTSA_CMIP6-climate-projections.pdf to s3://native-resilience/projections/pdf/Choctaw OTSA_CMIP6-climate-projections.pdf Could not connect to the endpoint URL: "https://oidc.us-west-2.amazonaws.com/token"
upload failed: upload/pdf/Chuathbaluk ANVSA_CMIP6-climate-projections.pdf to s3://native-resilience/projections/pdf/Chuathbaluk ANVSA_CMIP6-climate-projections.pdf Could not connect to the endpoint URL: "https://oidc.us-west-2.amazonaws.com/token"
upload failed: upload/pdf/Chuloonawick ANVSA_CMIP6-climate-projections.pdf to s3://native-resilience/projections/pdf/Chuloonawick ANVSA_CMIP6-climate-projections.pdf Could not connect to the endpoint URL: "https://oidc.us-west-2.amazonaws.com/token"
upload failed: upload/pdf/Circle ANVSA_CMIP6-climate-projections.pdf to s3://native-resilience/projections/pdf/Circle ANVSA_CMIP6-climate-projections.pdf Could not connect to the endpoint URL: "https://oidc.us-west-2.amazonaws.com/token"
upload failed: upload/pdf/Citizen Potawatomi Nation-Absentee Shawnee OTSA_CMIP6-climate-projections.pdf to s3://native-resilience/projections/pdf/Citizen Potawatomi Nation-Absentee Shawnee OTSA_CMIP6-climate-projections.pdf Could not connect to the endpoint URL: "https://oidc.us-west-2.amazonaws.com/token"
upload failed: upload/pdf/Clarks Point ANVSA_CMIP6-climate-projections.pdf to s3://native-resilience/projections/pdf/Clarks Point ANVSA_CMIP6-climate-projections.pdf Could not connect to the endpoint URL: "https://oidc.us-west-2.amazonaws.com/token"
upload failed: upload/pdf/Clifton Choctaw SDTSA_CMIP6-climate-projections.pdf to s3://native-resilience/projections/pdf/Clifton Choctaw SDTSA_CMIP6-climate-projections.pdf Could not connect to the endpoint URL: "https://oidc.us-west-2.amazonaws.com/token"
upload failed: upload/pdf/Cocopah Reservation_CMIP6-climate-projections.pdf to s3://native-resilience/projections/pdf/Cocopah Reservation_CMIP6-climate-projections.pdf Could not connect to the endpoint URL: "https://oidc.us-west-2.amazonaws.com/token"
upload failed: upload/pdf/Coeur d'Alene Reservation_CMIP6-climate-projections.pdf to s3://native-resilience/projections/pdf/Coeur d'Alene Reservation_CMIP6-climate-projections.pdf Could not connect to the endpoint URL: "https://oidc.us-west-2.amazonaws.com/token"
upload failed: upload/pdf/Cherokee Tribe of Northeast Alabama SDTSA_CMIP6-climate-projections.pdf to s3://native-resilience/projections/pdf/Cherokee Tribe of Northeast Alabama SDTSA_CMIP6-climate-projections.pdf Could not connect to the endpoint URL: "https://oidc.us-west-2.amazonaws.com/token"
upload failed: upload/pdf/Cold Springs Rancheria_CMIP6-climate-projections.pdf to s3://native-resilience/projections/pdf/Cold Springs Rancheria_CMIP6-climate-projections.pdf Could not connect to the endpoint URL: "https://oidc.us-west-2.amazonaws.com/token"
upload failed: upload/pdf/Colorado River Indian Reservation_CMIP6-climate-projections.pdf to s3://native-resilience/projections/pdf/Colorado River Indian Reservation_CMIP6-climate-projections.pdf Could not connect to the endpoint URL: "https://oidc.us-west-2.amazonaws.com/token"
upload failed: upload/pdf/Colusa Rancheria_CMIP6-climate-projections.pdf to s3://native-resilience/projections/pdf/Colusa Rancheria_CMIP6-climate-projections.pdf Could not connect to the endpoint URL: "https://oidc.us-west-2.amazonaws.com/token"
upload failed: upload/pdf/Colville Reservation_CMIP6-climate-projections.pdf to s3://native-resilience/projections/pdf/Colville Reservation_CMIP6-climate-projections.pdf Could not connect to the endpoint URL: "https://oidc.us-west-2.amazonaws.com/token"
upload failed: upload/pdf/Coos, Lower Umpqua, and Siuslaw Reservation_CMIP6-climate-projections.pdf to s3://native-resilience/projections/pdf/Coos, Lower Umpqua, and Siuslaw Reservation_CMIP6-climate-projections.pdf Could not connect to the endpoint URL: "https://oidc.us-west-2.amazonaws.com/token"
upload failed: upload/pdf/Copper Center ANVSA_CMIP6-climate-projections.pdf to s3://native-resilience/projections/pdf/Copper Center ANVSA_CMIP6-climate-projections.pdf Could not connect to the endpoint URL: "https://oidc.us-west-2.amazonaws.com/token"
upload failed: upload/pdf/Coquille Reservation_CMIP6-climate-projections.pdf to s3://native-resilience/projections/pdf/Coquille Reservation_CMIP6-climate-projections.pdf Could not connect to the endpoint URL: "https://oidc.us-west-2.amazonaws.com/token"
upload failed: upload/pdf/Cortina Indian Rancheria_CMIP6-climate-projections.pdf to s3://native-resilience/projections/pdf/Cortina Indian Rancheria_CMIP6-climate-projections.pdf Could not connect to the endpoint URL: "https://oidc.us-west-2.amazonaws.com/token"
upload failed: upload/pdf/Council ANVSA_CMIP6-climate-projections.pdf to s3://native-resilience/projections/pdf/Council ANVSA_CMIP6-climate-projections.pdf Could not connect to the endpoint URL: "https://oidc.us-west-2.amazonaws.com/token"
upload failed: upload/pdf/Coushatta Reservation_CMIP6-climate-projections.pdf to s3://native-resilience/projections/pdf/Coushatta Reservation_CMIP6-climate-projections.pdf Could not connect to the endpoint URL: "https://oidc.us-west-2.amazonaws.com/token"
upload failed: upload/pdf/Cow Creek Reservation_CMIP6-climate-projections.pdf to s3://native-resilience/projections/pdf/Cow Creek Reservation_CMIP6-climate-projections.pdf Could not connect to the endpoint URL: "https://oidc.us-west-2.amazonaws.com/token"
upload failed: upload/pdf/Cowlitz Reservation_CMIP6-climate-projections.pdf to s3://native-resilience/projections/pdf/Cowlitz Reservation_CMIP6-climate-projections.pdf Could not connect to the endpoint URL: "https://oidc.us-west-2.amazonaws.com/token"
upload failed: upload/pdf/Coyote Valley Reservation_CMIP6-climate-projections.pdf to s3://native-resilience/projections/pdf/Coyote Valley Reservation_CMIP6-climate-projections.pdf Could not connect to the endpoint URL: "https://oidc.us-west-2.amazonaws.com/token"
upload failed: upload/pdf/Craig ANVSA_CMIP6-climate-projections.pdf to s3://native-resilience/projections/pdf/Craig ANVSA_CMIP6-climate-projections.pdf Could not connect to the endpoint URL: "https://oidc.us-west-2.amazonaws.com/token"
upload failed: upload/pdf/Creek OTSA_CMIP6-climate-projections.pdf to s3://native-resilience/projections/pdf/Creek OTSA_CMIP6-climate-projections.pdf Could not connect to the endpoint URL: "https://oidc.us-west-2.amazonaws.com/token"
upload failed: upload/pdf/Creek and Seminole joint-use OTSA_CMIP6-climate-projections.pdf to s3://native-resilience/projections/pdf/Creek and Seminole joint-use OTSA_CMIP6-climate-projections.pdf Could not connect to the endpoint URL: "https://oidc.us-west-2.amazonaws.com/token"
upload failed: upload/pdf/Crooked Creek ANVSA_CMIP6-climate-projections.pdf to s3://native-resilience/projections/pdf/Crooked Creek ANVSA_CMIP6-climate-projections.pdf Could not connect to the endpoint URL: "https://oidc.us-west-2.amazonaws.com/token"
upload failed: upload/pdf/Bill Moore's ANVSA_CMIP6-climate-projections.pdf to s3://native-resilience/projections/pdf/Bill Moore's ANVSA_CMIP6-climate-projections.pdf Could not connect to the endpoint URL: "https://oidc.us-west-2.amazonaws.com/token"
upload failed: upload/pdf/Bishop Reservation_CMIP6-climate-projections.pdf to s3://native-resilience/projections/pdf/Bishop Reservation_CMIP6-climate-projections.pdf Could not connect to the endpoint URL: "https://oidc.us-west-2.amazonaws.com/token"
upload failed: upload/pdf/Deering ANVSA_CMIP6-climate-projections.pdf to s3://native-resilience/projections/pdf/Deering ANVSA_CMIP6-climate-projections.pdf Could not connect to the endpoint URL: "https://oidc.us-west-2.amazonaws.com/token"
upload failed: upload/pdf/Dillingham ANVSA_CMIP6-climate-projections.pdf to s3://native-resilience/projections/pdf/Dillingham ANVSA_CMIP6-climate-projections.pdf Could not connect to the endpoint URL: "https://oidc.us-west-2.amazonaws.com/token"
upload failed: upload/pdf/Dot Lake ANVSA_CMIP6-climate-projections.pdf to s3://native-resilience/projections/pdf/Dot Lake ANVSA_CMIP6-climate-projections.pdf Could not connect to the endpoint URL: "https://oidc.us-west-2.amazonaws.com/token"
upload failed: upload/pdf/Coharie SDTSA_CMIP6-climate-projections.pdf to s3://native-resilience/projections/pdf/Coharie SDTSA_CMIP6-climate-projections.pdf Could not connect to the endpoint URL: "https://oidc.us-west-2.amazonaws.com/token"
upload failed: upload/pdf/Dresslerville Colony_CMIP6-climate-projections.pdf to s3://native-resilience/projections/pdf/Dresslerville Colony_CMIP6-climate-projections.pdf Could not connect to the endpoint URL: "https://oidc.us-west-2.amazonaws.com/token"
upload failed: upload/pdf/Dry Creek Rancheria_CMIP6-climate-projections.pdf to s3://native-resilience/projections/pdf/Dry Creek Rancheria_CMIP6-climate-projections.pdf Could not connect to the endpoint URL: "https://oidc.us-west-2.amazonaws.com/token"
upload failed: upload/pdf/Duck Valley Reservation_CMIP6-climate-projections.pdf to s3://native-resilience/projections/pdf/Duck Valley Reservation_CMIP6-climate-projections.pdf Could not connect to the endpoint URL: "https://oidc.us-west-2.amazonaws.com/token"
upload failed: upload/pdf/Duckwater Reservation_CMIP6-climate-projections.pdf to s3://native-resilience/projections/pdf/Duckwater Reservation_CMIP6-climate-projections.pdf Could not connect to the endpoint URL: "https://oidc.us-west-2.amazonaws.com/token"
upload failed: upload/pdf/Douglas ANVSA_CMIP6-climate-projections.pdf to s3://native-resilience/projections/pdf/Douglas ANVSA_CMIP6-climate-projections.pdf Could not connect to the endpoint URL: "https://oidc.us-west-2.amazonaws.com/token"
upload failed: upload/pdf/Eastern Cherokee Reservation_CMIP6-climate-projections.pdf to s3://native-resilience/projections/pdf/Eastern Cherokee Reservation_CMIP6-climate-projections.pdf Could not connect to the endpoint URL: "https://oidc.us-west-2.amazonaws.com/token"
upload failed: upload/pdf/Eastern Chickahominy TDSA_CMIP6-climate-projections.pdf to s3://native-resilience/projections/pdf/Eastern Chickahominy TDSA_CMIP6-climate-projections.pdf Could not connect to the endpoint URL: "https://oidc.us-west-2.amazonaws.com/token"
upload failed: upload/pdf/Crow Reservation_CMIP6-climate-projections.pdf to s3://native-resilience/projections/pdf/Crow Reservation_CMIP6-climate-projections.pdf Could not connect to the endpoint URL: "https://oidc.us-west-2.amazonaws.com/token"
upload failed: upload/pdf/Echota Cherokee SDTSA_CMIP6-climate-projections.pdf to s3://native-resilience/projections/pdf/Echota Cherokee SDTSA_CMIP6-climate-projections.pdf Could not connect to the endpoint URL: "https://oidc.us-west-2.amazonaws.com/token"
upload failed: upload/pdf/Edisto Natchez Kusso SDTSA_CMIP6-climate-projections.pdf to s3://native-resilience/projections/pdf/Edisto Natchez Kusso SDTSA_CMIP6-climate-projections.pdf Could not connect to the endpoint URL: "https://oidc.us-west-2.amazonaws.com/token"
upload failed: upload/pdf/Eek ANVSA_CMIP6-climate-projections.pdf to s3://native-resilience/projections/pdf/Eek ANVSA_CMIP6-climate-projections.pdf Could not connect to the endpoint URL: "https://oidc.us-west-2.amazonaws.com/token"
upload failed: upload/pdf/Eastern Shawnee OTSA_CMIP6-climate-projections.pdf to s3://native-resilience/projections/pdf/Eastern Shawnee OTSA_CMIP6-climate-projections.pdf Could not connect to the endpoint URL: "https://oidc.us-west-2.amazonaws.com/token"
upload failed: upload/pdf/Chevak ANVSA_CMIP6-climate-projections.pdf to s3://native-resilience/projections/pdf/Chevak ANVSA_CMIP6-climate-projections.pdf Could not connect to the endpoint URL: "https://oidc.us-west-2.amazonaws.com/token"
upload failed: upload/pdf/Eklutna ANVSA_CMIP6-climate-projections.pdf to s3://native-resilience/projections/pdf/Eklutna ANVSA_CMIP6-climate-projections.pdf Could not connect to the endpoint URL: "https://oidc.us-west-2.amazonaws.com/token"
upload failed: upload/pdf/Ekwok ANVSA_CMIP6-climate-projections.pdf to s3://native-resilience/projections/pdf/Ekwok ANVSA_CMIP6-climate-projections.pdf Could not connect to the endpoint URL: "https://oidc.us-west-2.amazonaws.com/token"
upload failed: upload/pdf/Elim ANVSA_CMIP6-climate-projections.pdf to s3://native-resilience/projections/pdf/Elim ANVSA_CMIP6-climate-projections.pdf Could not connect to the endpoint URL: "https://oidc.us-west-2.amazonaws.com/token"
upload failed: upload/pdf/Elk Valley Rancheria_CMIP6-climate-projections.pdf to s3://native-resilience/projections/pdf/Elk Valley Rancheria_CMIP6-climate-projections.pdf Could not connect to the endpoint URL: "https://oidc.us-west-2.amazonaws.com/token"
upload failed: upload/pdf/Elko Colony_CMIP6-climate-projections.pdf to s3://native-resilience/projections/pdf/Elko Colony_CMIP6-climate-projections.pdf Could not connect to the endpoint URL: "https://oidc.us-west-2.amazonaws.com/token"
upload failed: upload/pdf/Ely Reservation_CMIP6-climate-projections.pdf to s3://native-resilience/projections/pdf/Ely Reservation_CMIP6-climate-projections.pdf Could not connect to the endpoint URL: "https://oidc.us-west-2.amazonaws.com/token"
upload failed: upload/pdf/Emmonak ANVSA_CMIP6-climate-projections.pdf to s3://native-resilience/projections/pdf/Emmonak ANVSA_CMIP6-climate-projections.pdf Could not connect to the endpoint URL: "https://oidc.us-west-2.amazonaws.com/token"
upload failed: upload/pdf/Enterprise Rancheria_CMIP6-climate-projections.pdf to s3://native-resilience/projections/pdf/Enterprise Rancheria_CMIP6-climate-projections.pdf Could not connect to the endpoint URL: "https://oidc.us-west-2.amazonaws.com/token"
upload failed: upload/pdf/Evansville ANVSA_CMIP6-climate-projections.pdf to s3://native-resilience/projections/pdf/Evansville ANVSA_CMIP6-climate-projections.pdf Could not connect to the endpoint URL: "https://oidc.us-west-2.amazonaws.com/token"
upload failed: upload/pdf/Ewiiaapaayp Reservation_CMIP6-climate-projections.pdf to s3://native-resilience/projections/pdf/Ewiiaapaayp Reservation_CMIP6-climate-projections.pdf Could not connect to the endpoint URL: "https://oidc.us-west-2.amazonaws.com/token"
upload failed: upload/pdf/Eyak ANVSA_CMIP6-climate-projections.pdf to s3://native-resilience/projections/pdf/Eyak ANVSA_CMIP6-climate-projections.pdf Could not connect to the endpoint URL: "https://oidc.us-west-2.amazonaws.com/token"
upload failed: upload/pdf/Fallon Paiute-Shoshone Colony_CMIP6-climate-projections.pdf to s3://native-resilience/projections/pdf/Fallon Paiute-Shoshone Colony_CMIP6-climate-projections.pdf Could not connect to the endpoint URL: "https://oidc.us-west-2.amazonaws.com/token"
upload failed: upload/pdf/Fallon Paiute-Shoshone Reservation_CMIP6-climate-projections.pdf to s3://native-resilience/projections/pdf/Fallon Paiute-Shoshone Reservation_CMIP6-climate-projections.pdf Could not connect to the endpoint URL: "https://oidc.us-west-2.amazonaws.com/token"
upload failed: upload/pdf/False Pass ANVSA_CMIP6-climate-projections.pdf to s3://native-resilience/projections/pdf/False Pass ANVSA_CMIP6-climate-projections.pdf Could not connect to the endpoint URL: "https://oidc.us-west-2.amazonaws.com/token"
upload failed: upload/pdf/Flandreau Reservation_CMIP6-climate-projections.pdf to s3://native-resilience/projections/pdf/Flandreau Reservation_CMIP6-climate-projections.pdf Could not connect to the endpoint URL: "https://oidc.us-west-2.amazonaws.com/token"
upload failed: upload/pdf/Flathead Reservation_CMIP6-climate-projections.pdf to s3://native-resilience/projections/pdf/Flathead Reservation_CMIP6-climate-projections.pdf Could not connect to the endpoint URL: "https://oidc.us-west-2.amazonaws.com/token"
upload failed: upload/pdf/Fond du Lac Reservation_CMIP6-climate-projections.pdf to s3://native-resilience/projections/pdf/Fond du Lac Reservation_CMIP6-climate-projections.pdf Could not connect to the endpoint URL: "https://oidc.us-west-2.amazonaws.com/token"
upload failed: upload/pdf/Forest County Potawatomi Community_CMIP6-climate-projections.pdf to s3://native-resilience/projections/pdf/Forest County Potawatomi Community_CMIP6-climate-projections.pdf Could not connect to the endpoint URL: "https://oidc.us-west-2.amazonaws.com/token"
upload failed: upload/pdf/Fort Apache Reservation_CMIP6-climate-projections.pdf to s3://native-resilience/projections/pdf/Fort Apache Reservation_CMIP6-climate-projections.pdf Could not connect to the endpoint URL: "https://oidc.us-west-2.amazonaws.com/token"
upload failed: upload/pdf/Ekuk ANVSA_CMIP6-climate-projections.pdf to s3://native-resilience/projections/pdf/Ekuk ANVSA_CMIP6-climate-projections.pdf Could not connect to the endpoint URL: "https://oidc.us-west-2.amazonaws.com/token"
upload failed: upload/pdf/Egegik ANVSA_CMIP6-climate-projections.pdf to s3://native-resilience/projections/pdf/Egegik ANVSA_CMIP6-climate-projections.pdf Could not connect to the endpoint URL: "https://oidc.us-west-2.amazonaws.com/token"
upload failed: upload/pdf/Fort Bidwell Reservation_CMIP6-climate-projections.pdf to s3://native-resilience/projections/pdf/Fort Bidwell Reservation_CMIP6-climate-projections.pdf Could not connect to the endpoint URL: "https://oidc.us-west-2.amazonaws.com/token"
upload failed: upload/pdf/Fort Hall Reservation_CMIP6-climate-projections.pdf to s3://native-resilience/projections/pdf/Fort Hall Reservation_CMIP6-climate-projections.pdf Could not connect to the endpoint URL: "https://oidc.us-west-2.amazonaws.com/token"
upload failed: upload/pdf/Fort Berthold Reservation_CMIP6-climate-projections.pdf to s3://native-resilience/projections/pdf/Fort Berthold Reservation_CMIP6-climate-projections.pdf Could not connect to the endpoint URL: "https://oidc.us-west-2.amazonaws.com/token"
upload failed: upload/pdf/Fort McDermitt Indian Reservation_CMIP6-climate-projections.pdf to s3://native-resilience/projections/pdf/Fort McDermitt Indian Reservation_CMIP6-climate-projections.pdf Could not connect to the endpoint URL: "https://oidc.us-west-2.amazonaws.com/token"
upload failed: upload/pdf/Fort McDowell Yavapai Nation Reservation_CMIP6-climate-projections.pdf to s3://native-resilience/projections/pdf/Fort McDowell Yavapai Nation Reservation_CMIP6-climate-projections.pdf Could not connect to the endpoint URL: "https://oidc.us-west-2.amazonaws.com/token"
upload failed: upload/pdf/Fort Mojave Reservation_CMIP6-climate-projections.pdf to s3://native-resilience/projections/pdf/Fort Mojave Reservation_CMIP6-climate-projections.pdf Could not connect to the endpoint URL: "https://oidc.us-west-2.amazonaws.com/token"
upload failed: upload/pdf/Fort Peck Indian Reservation_CMIP6-climate-projections.pdf to s3://native-resilience/projections/pdf/Fort Peck Indian Reservation_CMIP6-climate-projections.pdf Could not connect to the endpoint URL: "https://oidc.us-west-2.amazonaws.com/token"
upload failed: upload/pdf/Fort Pierce Reservation_CMIP6-climate-projections.pdf to s3://native-resilience/projections/pdf/Fort Pierce Reservation_CMIP6-climate-projections.pdf Could not connect to the endpoint URL: "https://oidc.us-west-2.amazonaws.com/token"
upload failed: upload/pdf/Fort Sill Apache Indian Reservation_CMIP6-climate-projections.pdf to s3://native-resilience/projections/pdf/Fort Sill Apache Indian Reservation_CMIP6-climate-projections.pdf Could not connect to the endpoint URL: "https://oidc.us-west-2.amazonaws.com/token"
upload failed: upload/pdf/Fort Yukon ANVSA_CMIP6-climate-projections.pdf to s3://native-resilience/projections/pdf/Fort Yukon ANVSA_CMIP6-climate-projections.pdf Could not connect to the endpoint URL: "https://oidc.us-west-2.amazonaws.com/token"
upload failed: upload/pdf/Fort Yuma Indian Reservation_CMIP6-climate-projections.pdf to s3://native-resilience/projections/pdf/Fort Yuma Indian Reservation_CMIP6-climate-projections.pdf Could not connect to the endpoint URL: "https://oidc.us-west-2.amazonaws.com/token"
upload failed: upload/pdf/Four Winds Cherokee SDTSA_CMIP6-climate-projections.pdf to s3://native-resilience/projections/pdf/Four Winds Cherokee SDTSA_CMIP6-climate-projections.pdf Could not connect to the endpoint URL: "https://oidc.us-west-2.amazonaws.com/token"
upload failed: upload/pdf/Gakona ANVSA_CMIP6-climate-projections.pdf to s3://native-resilience/projections/pdf/Gakona ANVSA_CMIP6-climate-projections.pdf Could not connect to the endpoint URL: "https://oidc.us-west-2.amazonaws.com/token"
upload failed: upload/pdf/Galena ANVSA_CMIP6-climate-projections.pdf to s3://native-resilience/projections/pdf/Galena ANVSA_CMIP6-climate-projections.pdf Could not connect to the endpoint URL: "https://oidc.us-west-2.amazonaws.com/token"
upload failed: upload/pdf/Gambell ANVSA_CMIP6-climate-projections.pdf to s3://native-resilience/projections/pdf/Gambell ANVSA_CMIP6-climate-projections.pdf Could not connect to the endpoint URL: "https://oidc.us-west-2.amazonaws.com/token"
upload failed: upload/pdf/Georgetown ANVSA_CMIP6-climate-projections.pdf to s3://native-resilience/projections/pdf/Georgetown ANVSA_CMIP6-climate-projections.pdf Could not connect to the endpoint URL: "https://oidc.us-west-2.amazonaws.com/token"
upload failed: upload/pdf/Georgia Tribe of Eastern Cherokee SDTSA_CMIP6-climate-projections.pdf to s3://native-resilience/projections/pdf/Georgia Tribe of Eastern Cherokee SDTSA_CMIP6-climate-projections.pdf Could not connect to the endpoint URL: "https://oidc.us-west-2.amazonaws.com/token"
upload failed: upload/pdf/Gila River Indian Reservation_CMIP6-climate-projections.pdf to s3://native-resilience/projections/pdf/Gila River Indian Reservation_CMIP6-climate-projections.pdf Could not connect to the endpoint URL: "https://oidc.us-west-2.amazonaws.com/token"
upload failed: upload/pdf/Golden Hill Paugussett (state) Reservation_CMIP6-climate-projections.pdf to s3://native-resilience/projections/pdf/Golden Hill Paugussett (state) Reservation_CMIP6-climate-projections.pdf Could not connect to the endpoint URL: "https://oidc.us-west-2.amazonaws.com/token"
upload failed: upload/pdf/Golovin ANVSA_CMIP6-climate-projections.pdf to s3://native-resilience/projections/pdf/Golovin ANVSA_CMIP6-climate-projections.pdf Could not connect to the endpoint URL: "https://oidc.us-west-2.amazonaws.com/token"
upload failed: upload/pdf/Goodnews Bay ANVSA_CMIP6-climate-projections.pdf to s3://native-resilience/projections/pdf/Goodnews Bay ANVSA_CMIP6-climate-projections.pdf Could not connect to the endpoint URL: "https://oidc.us-west-2.amazonaws.com/token"
upload failed: upload/pdf/Goshute Reservation_CMIP6-climate-projections.pdf to s3://native-resilience/projections/pdf/Goshute Reservation_CMIP6-climate-projections.pdf Could not connect to the endpoint URL: "https://oidc.us-west-2.amazonaws.com/token"
upload failed: upload/pdf/Grand Caillou and Dulac SDTSA_CMIP6-climate-projections.pdf to s3://native-resilience/projections/pdf/Grand Caillou and Dulac SDTSA_CMIP6-climate-projections.pdf Could not connect to the endpoint URL: "https://oidc.us-west-2.amazonaws.com/token"
upload failed: upload/pdf/Grand Portage Reservation_CMIP6-climate-projections.pdf to s3://native-resilience/projections/pdf/Grand Portage Reservation_CMIP6-climate-projections.pdf Could not connect to the endpoint URL: "https://oidc.us-west-2.amazonaws.com/token"
upload failed: upload/pdf/Grand Ronde Community_CMIP6-climate-projections.pdf to s3://native-resilience/projections/pdf/Grand Ronde Community_CMIP6-climate-projections.pdf Could not connect to the endpoint URL: "https://oidc.us-west-2.amazonaws.com/token"
upload failed: upload/pdf/Grand Traverse Reservation_CMIP6-climate-projections.pdf to s3://native-resilience/projections/pdf/Grand Traverse Reservation_CMIP6-climate-projections.pdf Could not connect to the endpoint URL: "https://oidc.us-west-2.amazonaws.com/token"
upload failed: upload/pdf/Grayling ANVSA_CMIP6-climate-projections.pdf to s3://native-resilience/projections/pdf/Grayling ANVSA_CMIP6-climate-projections.pdf Could not connect to the endpoint URL: "https://oidc.us-west-2.amazonaws.com/token"
upload failed: upload/pdf/Greenville Rancheria_CMIP6-climate-projections.pdf to s3://native-resilience/projections/pdf/Greenville Rancheria_CMIP6-climate-projections.pdf Could not connect to the endpoint URL: "https://oidc.us-west-2.amazonaws.com/token"
upload failed: upload/pdf/Grindstone Indian Rancheria_CMIP6-climate-projections.pdf to s3://native-resilience/projections/pdf/Grindstone Indian Rancheria_CMIP6-climate-projections.pdf Could not connect to the endpoint URL: "https://oidc.us-west-2.amazonaws.com/token"
upload failed: upload/pdf/Guidiville Rancheria_CMIP6-climate-projections.pdf to s3://native-resilience/projections/pdf/Guidiville Rancheria_CMIP6-climate-projections.pdf Could not connect to the endpoint URL: "https://oidc.us-west-2.amazonaws.com/token"
upload failed: upload/pdf/Gulkana ANVSA_CMIP6-climate-projections.pdf to s3://native-resilience/projections/pdf/Gulkana ANVSA_CMIP6-climate-projections.pdf Could not connect to the endpoint URL: "https://oidc.us-west-2.amazonaws.com/token"
upload failed: upload/pdf/Haliwa-Saponi SDTSA_CMIP6-climate-projections.pdf to s3://native-resilience/projections/pdf/Haliwa-Saponi SDTSA_CMIP6-climate-projections.pdf Could not connect to the endpoint URL: "https://oidc.us-west-2.amazonaws.com/token"
upload failed: upload/pdf/Hamilton ANVSA_CMIP6-climate-projections.pdf to s3://native-resilience/projections/pdf/Hamilton ANVSA_CMIP6-climate-projections.pdf Could not connect to the endpoint URL: "https://oidc.us-west-2.amazonaws.com/token"
upload failed: upload/pdf/Hannahville Indian Community_CMIP6-climate-projections.pdf to s3://native-resilience/projections/pdf/Hannahville Indian Community_CMIP6-climate-projections.pdf Could not connect to the endpoint URL: "https://oidc.us-west-2.amazonaws.com/token"
upload failed: upload/pdf/Hassanamisco (state) Reservation_CMIP6-climate-projections.pdf to s3://native-resilience/projections/pdf/Hassanamisco (state) Reservation_CMIP6-climate-projections.pdf Could not connect to the endpoint URL: "https://oidc.us-west-2.amazonaws.com/token"
upload failed: upload/pdf/Havasupai Reservation_CMIP6-climate-projections.pdf to s3://native-resilience/projections/pdf/Havasupai Reservation_CMIP6-climate-projections.pdf Could not connect to the endpoint URL: "https://oidc.us-west-2.amazonaws.com/token"
upload failed: upload/pdf/Hawai‘i Climate Divisions — Hawai‘i Mauka_CMIP6-climate-projections.pdf to s3://native-resilience/projections/pdf/Hawai‘i Climate Divisions — Hawai‘i Mauka_CMIP6-climate-projections.pdf Could not connect to the endpoint URL: "https://oidc.us-west-2.amazonaws.com/token"
upload failed: upload/pdf/Hawai‘i Climate Divisions — Hilo_CMIP6-climate-projections.pdf to s3://native-resilience/projections/pdf/Hawai‘i Climate Divisions — Hilo_CMIP6-climate-projections.pdf Could not connect to the endpoint URL: "https://oidc.us-west-2.amazonaws.com/token"
upload failed: upload/pdf/Hawai‘i Climate Divisions — Ka‘u_CMIP6-climate-projections.pdf to s3://native-resilience/projections/pdf/Hawai‘i Climate Divisions — Ka‘u_CMIP6-climate-projections.pdf Could not connect to the endpoint URL: "https://oidc.us-west-2.amazonaws.com/token"
upload failed: upload/pdf/Hawai‘i Climate Divisions — Kona_CMIP6-climate-projections.pdf to s3://native-resilience/projections/pdf/Hawai‘i Climate Divisions — Kona_CMIP6-climate-projections.pdf Could not connect to the endpoint URL: "https://oidc.us-west-2.amazonaws.com/token"
upload failed: upload/pdf/Hawai‘i Climate Divisions — Ko‘olau_CMIP6-climate-projections.pdf to s3://native-resilience/projections/pdf/Hawai‘i Climate Divisions — Ko‘olau_CMIP6-climate-projections.pdf Could not connect to the endpoint URL: "https://oidc.us-west-2.amazonaws.com/token"
upload failed: upload/pdf/Hawai‘i Climate Divisions — Leeward Kaua‘i_CMIP6-climate-projections.pdf to s3://native-resilience/projections/pdf/Hawai‘i Climate Divisions — Leeward Kaua‘i_CMIP6-climate-projections.pdf Could not connect to the endpoint URL: "https://oidc.us-west-2.amazonaws.com/token"
upload failed: upload/pdf/Hawai‘i Climate Divisions — Leeward Kohala_CMIP6-climate-projections.pdf to s3://native-resilience/projections/pdf/Hawai‘i Climate Divisions — Leeward Kohala_CMIP6-climate-projections.pdf Could not connect to the endpoint URL: "https://oidc.us-west-2.amazonaws.com/token"
upload failed: upload/pdf/Hawai‘i Climate Divisions — Leeward Maui Nui_CMIP6-climate-projections.pdf to s3://native-resilience/projections/pdf/Hawai‘i Climate Divisions — Leeward Maui Nui_CMIP6-climate-projections.pdf Could not connect to the endpoint URL: "https://oidc.us-west-2.amazonaws.com/token"
upload failed: upload/pdf/Hawai‘i Climate Divisions — Waianae_CMIP6-climate-projections.pdf to s3://native-resilience/projections/pdf/Hawai‘i Climate Divisions — Waianae_CMIP6-climate-projections.pdf Could not connect to the endpoint URL: "https://oidc.us-west-2.amazonaws.com/token"
upload failed: upload/pdf/Hawai‘i Climate Divisions — Windward Kaua‘i_CMIP6-climate-projections.pdf to s3://native-resilience/projections/pdf/Hawai‘i Climate Divisions — Windward Kaua‘i_CMIP6-climate-projections.pdf Could not connect to the endpoint URL: "https://oidc.us-west-2.amazonaws.com/token"
upload failed: upload/pdf/Hawai‘i Climate Divisions — Windward Kohala_CMIP6-climate-projections.pdf to s3://native-resilience/projections/pdf/Hawai‘i Climate Divisions — Windward Kohala_CMIP6-climate-projections.pdf Could not connect to the endpoint URL: "https://oidc.us-west-2.amazonaws.com/token"
upload failed: upload/pdf/Fort Independence Reservation_CMIP6-climate-projections.pdf to s3://native-resilience/projections/pdf/Fort Independence Reservation_CMIP6-climate-projections.pdf Could not connect to the endpoint URL: "https://oidc.us-west-2.amazonaws.com/token"
upload failed: upload/pdf/Eagle ANVSA_CMIP6-climate-projections.pdf to s3://native-resilience/projections/pdf/Eagle ANVSA_CMIP6-climate-projections.pdf Could not connect to the endpoint URL: "https://oidc.us-west-2.amazonaws.com/token"
upload failed: upload/pdf/Ho-Chunk Nation Reservation_CMIP6-climate-projections.pdf to s3://native-resilience/projections/pdf/Ho-Chunk Nation Reservation_CMIP6-climate-projections.pdf Could not connect to the endpoint URL: "https://oidc.us-west-2.amazonaws.com/token"
upload failed: upload/pdf/Crow Creek Reservation_CMIP6-climate-projections.pdf to s3://native-resilience/projections/pdf/Crow Creek Reservation_CMIP6-climate-projections.pdf Could not connect to the endpoint URL: "https://oidc.us-west-2.amazonaws.com/token"
upload failed: upload/pdf/Fort Belknap Reservation_CMIP6-climate-projections.pdf to s3://native-resilience/projections/pdf/Fort Belknap Reservation_CMIP6-climate-projections.pdf Could not connect to the endpoint URL: "https://oidc.us-west-2.amazonaws.com/token"
upload failed: upload/pdf/Holy Cross ANVSA_CMIP6-climate-projections.pdf to s3://native-resilience/projections/pdf/Holy Cross ANVSA_CMIP6-climate-projections.pdf Could not connect to the endpoint URL: "https://oidc.us-west-2.amazonaws.com/token"
upload failed: upload/pdf/Healy Lake ANVSA_CMIP6-climate-projections.pdf to s3://native-resilience/projections/pdf/Healy Lake ANVSA_CMIP6-climate-projections.pdf Could not connect to the endpoint URL: "https://oidc.us-west-2.amazonaws.com/token"
upload failed: upload/pdf/Hoopa Valley Reservation_CMIP6-climate-projections.pdf to s3://native-resilience/projections/pdf/Hoopa Valley Reservation_CMIP6-climate-projections.pdf Could not connect to the endpoint URL: "https://oidc.us-west-2.amazonaws.com/token"
upload failed: upload/pdf/Hawai‘i Climate Divisions — Windward Maui Nui_CMIP6-climate-projections.pdf to s3://native-resilience/projections/pdf/Hawai‘i Climate Divisions — Windward Maui Nui_CMIP6-climate-projections.pdf Could not connect to the endpoint URL: "https://oidc.us-west-2.amazonaws.com/token"
upload failed: upload/pdf/Hopi Reservation_CMIP6-climate-projections.pdf to s3://native-resilience/projections/pdf/Hopi Reservation_CMIP6-climate-projections.pdf Could not connect to the endpoint URL: "https://oidc.us-west-2.amazonaws.com/token"
upload failed: upload/pdf/Hopland Rancheria_CMIP6-climate-projections.pdf to s3://native-resilience/projections/pdf/Hopland Rancheria_CMIP6-climate-projections.pdf Could not connect to the endpoint URL: "https://oidc.us-west-2.amazonaws.com/token"
upload failed: upload/pdf/Houlton Maliseet Reservation_CMIP6-climate-projections.pdf to s3://native-resilience/projections/pdf/Houlton Maliseet Reservation_CMIP6-climate-projections.pdf Could not connect to the endpoint URL: "https://oidc.us-west-2.amazonaws.com/token"
upload failed: upload/pdf/Hualapai Indian Reservation_CMIP6-climate-projections.pdf to s3://native-resilience/projections/pdf/Hualapai Indian Reservation_CMIP6-climate-projections.pdf Could not connect to the endpoint URL: "https://oidc.us-west-2.amazonaws.com/token"
upload failed: upload/pdf/Hughes ANVSA_CMIP6-climate-projections.pdf to s3://native-resilience/projections/pdf/Hughes ANVSA_CMIP6-climate-projections.pdf Could not connect to the endpoint URL: "https://oidc.us-west-2.amazonaws.com/token"
upload failed: upload/pdf/Huron Potawatomi Reservation_CMIP6-climate-projections.pdf to s3://native-resilience/projections/pdf/Huron Potawatomi Reservation_CMIP6-climate-projections.pdf Could not connect to the endpoint URL: "https://oidc.us-west-2.amazonaws.com/token"
upload failed: upload/pdf/Huslia ANVSA_CMIP6-climate-projections.pdf to s3://native-resilience/projections/pdf/Huslia ANVSA_CMIP6-climate-projections.pdf Could not connect to the endpoint URL: "https://oidc.us-west-2.amazonaws.com/token"
upload failed: upload/pdf/Hydaburg ANVSA_CMIP6-climate-projections.pdf to s3://native-resilience/projections/pdf/Hydaburg ANVSA_CMIP6-climate-projections.pdf Could not connect to the endpoint URL: "https://oidc.us-west-2.amazonaws.com/token"
upload failed: upload/pdf/Igiugig ANVSA_CMIP6-climate-projections.pdf to s3://native-resilience/projections/pdf/Igiugig ANVSA_CMIP6-climate-projections.pdf Could not connect to the endpoint URL: "https://oidc.us-west-2.amazonaws.com/token"
upload failed: upload/pdf/Iliamna ANVSA_CMIP6-climate-projections.pdf to s3://native-resilience/projections/pdf/Iliamna ANVSA_CMIP6-climate-projections.pdf Could not connect to the endpoint URL: "https://oidc.us-west-2.amazonaws.com/token"
upload failed: upload/pdf/Immokalee Reservation_CMIP6-climate-projections.pdf to s3://native-resilience/projections/pdf/Immokalee Reservation_CMIP6-climate-projections.pdf Could not connect to the endpoint URL: "https://oidc.us-west-2.amazonaws.com/token"
upload failed: upload/pdf/Inaja and Cosmit Reservation_CMIP6-climate-projections.pdf to s3://native-resilience/projections/pdf/Inaja and Cosmit Reservation_CMIP6-climate-projections.pdf Could not connect to the endpoint URL: "https://oidc.us-west-2.amazonaws.com/token"
upload failed: upload/pdf/Inalik ANVSA_CMIP6-climate-projections.pdf to s3://native-resilience/projections/pdf/Inalik ANVSA_CMIP6-climate-projections.pdf Could not connect to the endpoint URL: "https://oidc.us-west-2.amazonaws.com/token"
upload failed: upload/pdf/Indian Township Reservation_CMIP6-climate-projections.pdf to s3://native-resilience/projections/pdf/Indian Township Reservation_CMIP6-climate-projections.pdf Could not connect to the endpoint URL: "https://oidc.us-west-2.amazonaws.com/token"
upload failed: upload/pdf/Ione Band of Miwok TDSA_CMIP6-climate-projections.pdf to s3://native-resilience/projections/pdf/Ione Band of Miwok TDSA_CMIP6-climate-projections.pdf Could not connect to the endpoint URL: "https://oidc.us-west-2.amazonaws.com/token"
upload failed: upload/pdf/Iowa (KS-NE) Reservation_CMIP6-climate-projections.pdf to s3://native-resilience/projections/pdf/Iowa (KS-NE) Reservation_CMIP6-climate-projections.pdf Could not connect to the endpoint URL: "https://oidc.us-west-2.amazonaws.com/token"
upload failed: upload/pdf/Iowa OTSA_CMIP6-climate-projections.pdf to s3://native-resilience/projections/pdf/Iowa OTSA_CMIP6-climate-projections.pdf Could not connect to the endpoint URL: "https://oidc.us-west-2.amazonaws.com/token"
upload failed: upload/pdf/Isabella Reservation_CMIP6-climate-projections.pdf to s3://native-resilience/projections/pdf/Isabella Reservation_CMIP6-climate-projections.pdf Could not connect to the endpoint URL: "https://oidc.us-west-2.amazonaws.com/token"
upload failed: upload/pdf/Isle de Jean Charles SDTSA_CMIP6-climate-projections.pdf to s3://native-resilience/projections/pdf/Isle de Jean Charles SDTSA_CMIP6-climate-projections.pdf Could not connect to the endpoint URL: "https://oidc.us-west-2.amazonaws.com/token"
upload failed: upload/pdf/Hoonah ANVSA_CMIP6-climate-projections.pdf to s3://native-resilience/projections/pdf/Hoonah ANVSA_CMIP6-climate-projections.pdf Could not connect to the endpoint URL: "https://oidc.us-west-2.amazonaws.com/token"
upload failed: upload/pdf/Ivanof Bay ANVSA_CMIP6-climate-projections.pdf to s3://native-resilience/projections/pdf/Ivanof Bay ANVSA_CMIP6-climate-projections.pdf Could not connect to the endpoint URL: "https://oidc.us-west-2.amazonaws.com/token"
upload failed: upload/pdf/Hoh Indian Reservation_CMIP6-climate-projections.pdf to s3://native-resilience/projections/pdf/Hoh Indian Reservation_CMIP6-climate-projections.pdf Could not connect to the endpoint URL: "https://oidc.us-west-2.amazonaws.com/token"
upload failed: upload/pdf/Jamestown S'Klallam Reservation_CMIP6-climate-projections.pdf to s3://native-resilience/projections/pdf/Jamestown S'Klallam Reservation_CMIP6-climate-projections.pdf Could not connect to the endpoint URL: "https://oidc.us-west-2.amazonaws.com/token"
upload failed: upload/pdf/Jackson Rancheria_CMIP6-climate-projections.pdf to s3://native-resilience/projections/pdf/Jackson Rancheria_CMIP6-climate-projections.pdf Could not connect to the endpoint URL: "https://oidc.us-west-2.amazonaws.com/token"
upload failed: upload/pdf/Hollywood Reservation_CMIP6-climate-projections.pdf to s3://native-resilience/projections/pdf/Hollywood Reservation_CMIP6-climate-projections.pdf Could not connect to the endpoint URL: "https://oidc.us-west-2.amazonaws.com/token"
upload failed: upload/pdf/Jemez Pueblo_CMIP6-climate-projections.pdf to s3://native-resilience/projections/pdf/Jemez Pueblo_CMIP6-climate-projections.pdf Could not connect to the endpoint URL: "https://oidc.us-west-2.amazonaws.com/token"
upload failed: upload/pdf/Jicarilla Apache Nation Reservation_CMIP6-climate-projections.pdf to s3://native-resilience/projections/pdf/Jicarilla Apache Nation Reservation_CMIP6-climate-projections.pdf Could not connect to the endpoint URL: "https://oidc.us-west-2.amazonaws.com/token"
upload failed: upload/pdf/Kaibab Indian Reservation_CMIP6-climate-projections.pdf to s3://native-resilience/projections/pdf/Kaibab Indian Reservation_CMIP6-climate-projections.pdf Could not connect to the endpoint URL: "https://oidc.us-west-2.amazonaws.com/token"
upload failed: upload/pdf/Kake ANVSA_CMIP6-climate-projections.pdf to s3://native-resilience/projections/pdf/Kake ANVSA_CMIP6-climate-projections.pdf Could not connect to the endpoint URL: "https://oidc.us-west-2.amazonaws.com/token"
upload failed: upload/pdf/Kaktovik ANVSA_CMIP6-climate-projections.pdf to s3://native-resilience/projections/pdf/Kaktovik ANVSA_CMIP6-climate-projections.pdf Could not connect to the endpoint URL: "https://oidc.us-west-2.amazonaws.com/token"
upload failed: upload/pdf/Kalispel Reservation_CMIP6-climate-projections.pdf to s3://native-resilience/projections/pdf/Kalispel Reservation_CMIP6-climate-projections.pdf Could not connect to the endpoint URL: "https://oidc.us-west-2.amazonaws.com/token"
upload failed: upload/pdf/Kalskag ANVSA_CMIP6-climate-projections.pdf to s3://native-resilience/projections/pdf/Kalskag ANVSA_CMIP6-climate-projections.pdf Could not connect to the endpoint URL: "https://oidc.us-west-2.amazonaws.com/token"
upload failed: upload/pdf/Kaltag ANVSA_CMIP6-climate-projections.pdf to s3://native-resilience/projections/pdf/Kaltag ANVSA_CMIP6-climate-projections.pdf Could not connect to the endpoint URL: "https://oidc.us-west-2.amazonaws.com/token"
upload failed: upload/pdf/Karluk ANVSA_CMIP6-climate-projections.pdf to s3://native-resilience/projections/pdf/Karluk ANVSA_CMIP6-climate-projections.pdf Could not connect to the endpoint URL: "https://oidc.us-west-2.amazonaws.com/token"
upload failed: upload/pdf/Karuk Reservation_CMIP6-climate-projections.pdf to s3://native-resilience/projections/pdf/Karuk Reservation_CMIP6-climate-projections.pdf Could not connect to the endpoint URL: "https://oidc.us-west-2.amazonaws.com/token"
upload failed: upload/pdf/Kasaan ANVSA_CMIP6-climate-projections.pdf to s3://native-resilience/projections/pdf/Kasaan ANVSA_CMIP6-climate-projections.pdf Could not connect to the endpoint URL: "https://oidc.us-west-2.amazonaws.com/token"
upload failed: upload/pdf/Kasigluk ANVSA_CMIP6-climate-projections.pdf to s3://native-resilience/projections/pdf/Kasigluk ANVSA_CMIP6-climate-projections.pdf Could not connect to the endpoint URL: "https://oidc.us-west-2.amazonaws.com/token"
upload failed: upload/pdf/Kaw OTSA_CMIP6-climate-projections.pdf to s3://native-resilience/projections/pdf/Kaw OTSA_CMIP6-climate-projections.pdf Could not connect to the endpoint URL: "https://oidc.us-west-2.amazonaws.com/token"
upload failed: upload/pdf/Kaw and Ponca joint-use OTSA_CMIP6-climate-projections.pdf to s3://native-resilience/projections/pdf/Kaw and Ponca joint-use OTSA_CMIP6-climate-projections.pdf Could not connect to the endpoint URL: "https://oidc.us-west-2.amazonaws.com/token"
upload failed: upload/pdf/Kenaitze ANVSA_CMIP6-climate-projections.pdf to s3://native-resilience/projections/pdf/Kenaitze ANVSA_CMIP6-climate-projections.pdf Could not connect to the endpoint URL: "https://oidc.us-west-2.amazonaws.com/token"
upload failed: upload/pdf/Ketchikan ANVSA_CMIP6-climate-projections.pdf to s3://native-resilience/projections/pdf/Ketchikan ANVSA_CMIP6-climate-projections.pdf Could not connect to the endpoint URL: "https://oidc.us-west-2.amazonaws.com/token"
upload failed: upload/pdf/Kiana ANVSA_CMIP6-climate-projections.pdf to s3://native-resilience/projections/pdf/Kiana ANVSA_CMIP6-climate-projections.pdf Could not connect to the endpoint URL: "https://oidc.us-west-2.amazonaws.com/token"
upload failed: upload/pdf/Kickapoo (KS) Reservation and Sac and Fox Nation Trust Land joint-use area_CMIP6-climate-projections.pdf to s3://native-resilience/projections/pdf/Kickapoo (KS) Reservation and Sac and Fox Nation Trust Land joint-use area_CMIP6-climate-projections.pdf Could not connect to the endpoint URL: "https://oidc.us-west-2.amazonaws.com/token"
upload failed: upload/pdf/Kickapoo (KS) Reservation_CMIP6-climate-projections.pdf to s3://native-resilience/projections/pdf/Kickapoo (KS) Reservation_CMIP6-climate-projections.pdf Could not connect to the endpoint URL: "https://oidc.us-west-2.amazonaws.com/token"
upload failed: upload/pdf/Kickapoo (TX) Reservation_CMIP6-climate-projections.pdf to s3://native-resilience/projections/pdf/Kickapoo (TX) Reservation_CMIP6-climate-projections.pdf Could not connect to the endpoint URL: "https://oidc.us-west-2.amazonaws.com/token"
upload failed: upload/pdf/Kickapoo OTSA_CMIP6-climate-projections.pdf to s3://native-resilience/projections/pdf/Kickapoo OTSA_CMIP6-climate-projections.pdf Could not connect to the endpoint URL: "https://oidc.us-west-2.amazonaws.com/token"
upload failed: upload/pdf/King Cove ANVSA_CMIP6-climate-projections.pdf to s3://native-resilience/projections/pdf/King Cove ANVSA_CMIP6-climate-projections.pdf Could not connect to the endpoint URL: "https://oidc.us-west-2.amazonaws.com/token"
upload failed: upload/pdf/King Salmon ANVSA_CMIP6-climate-projections.pdf to s3://native-resilience/projections/pdf/King Salmon ANVSA_CMIP6-climate-projections.pdf Could not connect to the endpoint URL: "https://oidc.us-west-2.amazonaws.com/token"
upload failed: upload/pdf/Kiowa-Comanche-Apache-Fort Sill Apache OTSA_CMIP6-climate-projections.pdf to s3://native-resilience/projections/pdf/Kiowa-Comanche-Apache-Fort Sill Apache OTSA_CMIP6-climate-projections.pdf Could not connect to the endpoint URL: "https://oidc.us-west-2.amazonaws.com/token"
upload failed: upload/pdf/Kiowa-Comanche-Apache-Ft Sill Apache and Caddo-Wichita-Delaware joint-use OTSA_CMIP6-climate-projections.pdf to s3://native-resilience/projections/pdf/Kiowa-Comanche-Apache-Ft Sill Apache and Caddo-Wichita-Delaware joint-use OTSA_CMIP6-climate-projections.pdf Could not connect to the endpoint URL: "https://oidc.us-west-2.amazonaws.com/token"
upload failed: upload/pdf/Kipnuk ANVSA_CMIP6-climate-projections.pdf to s3://native-resilience/projections/pdf/Kipnuk ANVSA_CMIP6-climate-projections.pdf Could not connect to the endpoint URL: "https://oidc.us-west-2.amazonaws.com/token"
upload failed: upload/pdf/Kivalina ANVSA_CMIP6-climate-projections.pdf to s3://native-resilience/projections/pdf/Kivalina ANVSA_CMIP6-climate-projections.pdf Could not connect to the endpoint URL: "https://oidc.us-west-2.amazonaws.com/token"
upload failed: upload/pdf/Klamath Reservation_CMIP6-climate-projections.pdf to s3://native-resilience/projections/pdf/Klamath Reservation_CMIP6-climate-projections.pdf Could not connect to the endpoint URL: "https://oidc.us-west-2.amazonaws.com/token"
upload failed: upload/pdf/Klawock ANVSA_CMIP6-climate-projections.pdf to s3://native-resilience/projections/pdf/Klawock ANVSA_CMIP6-climate-projections.pdf Could not connect to the endpoint URL: "https://oidc.us-west-2.amazonaws.com/token"
upload failed: upload/pdf/Knik ANVSA_CMIP6-climate-projections.pdf to s3://native-resilience/projections/pdf/Knik ANVSA_CMIP6-climate-projections.pdf Could not connect to the endpoint URL: "https://oidc.us-west-2.amazonaws.com/token"
upload failed: upload/pdf/Jena Band of Choctaw Reservation_CMIP6-climate-projections.pdf to s3://native-resilience/projections/pdf/Jena Band of Choctaw Reservation_CMIP6-climate-projections.pdf Could not connect to the endpoint URL: "https://oidc.us-west-2.amazonaws.com/token"
upload failed: upload/pdf/Kodiak ANVSA_CMIP6-climate-projections.pdf to s3://native-resilience/projections/pdf/Kodiak ANVSA_CMIP6-climate-projections.pdf Could not connect to the endpoint URL: "https://oidc.us-west-2.amazonaws.com/token"
upload failed: upload/pdf/Kokhanok ANVSA_CMIP6-climate-projections.pdf to s3://native-resilience/projections/pdf/Kokhanok ANVSA_CMIP6-climate-projections.pdf Could not connect to the endpoint URL: "https://oidc.us-west-2.amazonaws.com/token"
upload failed: upload/pdf/Kongiganak ANVSA_CMIP6-climate-projections.pdf to s3://native-resilience/projections/pdf/Kongiganak ANVSA_CMIP6-climate-projections.pdf Could not connect to the endpoint URL: "https://oidc.us-west-2.amazonaws.com/token"
upload failed: upload/pdf/Jamul Indian Village_CMIP6-climate-projections.pdf to s3://native-resilience/projections/pdf/Jamul Indian Village_CMIP6-climate-projections.pdf Could not connect to the endpoint URL: "https://oidc.us-west-2.amazonaws.com/token"
upload failed: upload/pdf/Hooper Bay ANVSA_CMIP6-climate-projections.pdf to s3://native-resilience/projections/pdf/Hooper Bay ANVSA_CMIP6-climate-projections.pdf Could not connect to the endpoint URL: "https://oidc.us-west-2.amazonaws.com/token"
upload failed: upload/pdf/Kootenai Reservation_CMIP6-climate-projections.pdf to s3://native-resilience/projections/pdf/Kootenai Reservation_CMIP6-climate-projections.pdf Could not connect to the endpoint URL: "https://oidc.us-west-2.amazonaws.com/token"
upload failed: upload/pdf/Kobuk ANVSA_CMIP6-climate-projections.pdf to s3://native-resilience/projections/pdf/Kobuk ANVSA_CMIP6-climate-projections.pdf Could not connect to the endpoint URL: "https://oidc.us-west-2.amazonaws.com/token"
upload failed: upload/pdf/Koyukuk ANVSA_CMIP6-climate-projections.pdf to s3://native-resilience/projections/pdf/Koyukuk ANVSA_CMIP6-climate-projections.pdf Could not connect to the endpoint URL: "https://oidc.us-west-2.amazonaws.com/token"
upload failed: upload/pdf/Kwethluk ANVSA_CMIP6-climate-projections.pdf to s3://native-resilience/projections/pdf/Kwethluk ANVSA_CMIP6-climate-projections.pdf Could not connect to the endpoint URL: "https://oidc.us-west-2.amazonaws.com/token"
upload failed: upload/pdf/Kwigillingok ANVSA_CMIP6-climate-projections.pdf to s3://native-resilience/projections/pdf/Kwigillingok ANVSA_CMIP6-climate-projections.pdf Could not connect to the endpoint URL: "https://oidc.us-west-2.amazonaws.com/token"
upload failed: upload/pdf/Kwinhagak ANVSA_CMIP6-climate-projections.pdf to s3://native-resilience/projections/pdf/Kwinhagak ANVSA_CMIP6-climate-projections.pdf Could not connect to the endpoint URL: "https://oidc.us-west-2.amazonaws.com/token"
upload failed: upload/pdf/L'Anse Reservation_CMIP6-climate-projections.pdf to s3://native-resilience/projections/pdf/L'Anse Reservation_CMIP6-climate-projections.pdf Could not connect to the endpoint URL: "https://oidc.us-west-2.amazonaws.com/token"
upload failed: upload/pdf/La Jolla Reservation_CMIP6-climate-projections.pdf to s3://native-resilience/projections/pdf/La Jolla Reservation_CMIP6-climate-projections.pdf Could not connect to the endpoint URL: "https://oidc.us-west-2.amazonaws.com/token"
upload failed: upload/pdf/La Posta Indian Reservation_CMIP6-climate-projections.pdf to s3://native-resilience/projections/pdf/La Posta Indian Reservation_CMIP6-climate-projections.pdf Could not connect to the endpoint URL: "https://oidc.us-west-2.amazonaws.com/token"
upload failed: upload/pdf/Lac Courte Oreilles Reservation_CMIP6-climate-projections.pdf to s3://native-resilience/projections/pdf/Lac Courte Oreilles Reservation_CMIP6-climate-projections.pdf Could not connect to the endpoint URL: "https://oidc.us-west-2.amazonaws.com/token"
upload failed: upload/pdf/Lac Vieux Desert Reservation_CMIP6-climate-projections.pdf to s3://native-resilience/projections/pdf/Lac Vieux Desert Reservation_CMIP6-climate-projections.pdf Could not connect to the endpoint URL: "https://oidc.us-west-2.amazonaws.com/token"
upload failed: upload/pdf/Lac du Flambeau Reservation_CMIP6-climate-projections.pdf to s3://native-resilience/projections/pdf/Lac du Flambeau Reservation_CMIP6-climate-projections.pdf Could not connect to the endpoint URL: "https://oidc.us-west-2.amazonaws.com/token"
upload failed: upload/pdf/Laguna Pueblo_CMIP6-climate-projections.pdf to s3://native-resilience/projections/pdf/Laguna Pueblo_CMIP6-climate-projections.pdf Could not connect to the endpoint URL: "https://oidc.us-west-2.amazonaws.com/token"
upload failed: upload/pdf/Lake Minchumina ANVSA_CMIP6-climate-projections.pdf to s3://native-resilience/projections/pdf/Lake Minchumina ANVSA_CMIP6-climate-projections.pdf Could not connect to the endpoint URL: "https://oidc.us-west-2.amazonaws.com/token"
upload failed: upload/pdf/Lake Traverse Reservation_CMIP6-climate-projections.pdf to s3://native-resilience/projections/pdf/Lake Traverse Reservation_CMIP6-climate-projections.pdf Could not connect to the endpoint URL: "https://oidc.us-west-2.amazonaws.com/token"
upload failed: upload/pdf/Larsen Bay ANVSA_CMIP6-climate-projections.pdf to s3://native-resilience/projections/pdf/Larsen Bay ANVSA_CMIP6-climate-projections.pdf Could not connect to the endpoint URL: "https://oidc.us-west-2.amazonaws.com/token"
upload failed: upload/pdf/Las Vegas Indian Colony_CMIP6-climate-projections.pdf to s3://native-resilience/projections/pdf/Las Vegas Indian Colony_CMIP6-climate-projections.pdf Could not connect to the endpoint URL: "https://oidc.us-west-2.amazonaws.com/token"
upload failed: upload/pdf/Laytonville Rancheria_CMIP6-climate-projections.pdf to s3://native-resilience/projections/pdf/Laytonville Rancheria_CMIP6-climate-projections.pdf Could not connect to the endpoint URL: "https://oidc.us-west-2.amazonaws.com/token"
upload failed: upload/pdf/Leech Lake Reservation_CMIP6-climate-projections.pdf to s3://native-resilience/projections/pdf/Leech Lake Reservation_CMIP6-climate-projections.pdf Could not connect to the endpoint URL: "https://oidc.us-west-2.amazonaws.com/token"
upload failed: upload/pdf/Lenape Indian Tribe of Delaware SDTSA_CMIP6-climate-projections.pdf to s3://native-resilience/projections/pdf/Lenape Indian Tribe of Delaware SDTSA_CMIP6-climate-projections.pdf Could not connect to the endpoint URL: "https://oidc.us-west-2.amazonaws.com/token"
upload failed: upload/pdf/Lesnoi ANVSA_CMIP6-climate-projections.pdf to s3://native-resilience/projections/pdf/Lesnoi ANVSA_CMIP6-climate-projections.pdf Could not connect to the endpoint URL: "https://oidc.us-west-2.amazonaws.com/token"
upload failed: upload/pdf/Koyuk ANVSA_CMIP6-climate-projections.pdf to s3://native-resilience/projections/pdf/Koyuk ANVSA_CMIP6-climate-projections.pdf Could not connect to the endpoint URL: "https://oidc.us-west-2.amazonaws.com/token"
upload failed: upload/pdf/Likely Rancheria_CMIP6-climate-projections.pdf to s3://native-resilience/projections/pdf/Likely Rancheria_CMIP6-climate-projections.pdf Could not connect to the endpoint URL: "https://oidc.us-west-2.amazonaws.com/token"
upload failed: upload/pdf/Lime Village ANVSA_CMIP6-climate-projections.pdf to s3://native-resilience/projections/pdf/Lime Village ANVSA_CMIP6-climate-projections.pdf Could not connect to the endpoint URL: "https://oidc.us-west-2.amazonaws.com/token"
upload failed: upload/pdf/Little River Reservation_CMIP6-climate-projections.pdf to s3://native-resilience/projections/pdf/Little River Reservation_CMIP6-climate-projections.pdf Could not connect to the endpoint URL: "https://oidc.us-west-2.amazonaws.com/token"
upload failed: upload/pdf/Little Traverse Bay Reservation_CMIP6-climate-projections.pdf to s3://native-resilience/projections/pdf/Little Traverse Bay Reservation_CMIP6-climate-projections.pdf Could not connect to the endpoint URL: "https://oidc.us-west-2.amazonaws.com/token"
upload failed: upload/pdf/Kotlik ANVSA_CMIP6-climate-projections.pdf to s3://native-resilience/projections/pdf/Kotlik ANVSA_CMIP6-climate-projections.pdf Could not connect to the endpoint URL: "https://oidc.us-west-2.amazonaws.com/token"
upload failed: upload/pdf/Lookout Rancheria_CMIP6-climate-projections.pdf to s3://native-resilience/projections/pdf/Lookout Rancheria_CMIP6-climate-projections.pdf Could not connect to the endpoint URL: "https://oidc.us-west-2.amazonaws.com/token"
upload failed: upload/pdf/Levelock ANVSA_CMIP6-climate-projections.pdf to s3://native-resilience/projections/pdf/Levelock ANVSA_CMIP6-climate-projections.pdf Could not connect to the endpoint URL: "https://oidc.us-west-2.amazonaws.com/token"
upload failed: upload/pdf/Los Coyotes Reservation_CMIP6-climate-projections.pdf to s3://native-resilience/projections/pdf/Los Coyotes Reservation_CMIP6-climate-projections.pdf Could not connect to the endpoint URL: "https://oidc.us-west-2.amazonaws.com/token"
upload failed: upload/pdf/Kotzebue ANVSA_CMIP6-climate-projections.pdf to s3://native-resilience/projections/pdf/Kotzebue ANVSA_CMIP6-climate-projections.pdf Could not connect to the endpoint URL: "https://oidc.us-west-2.amazonaws.com/token"
upload failed: upload/pdf/Lone Pine Reservation_CMIP6-climate-projections.pdf to s3://native-resilience/projections/pdf/Lone Pine Reservation_CMIP6-climate-projections.pdf Could not connect to the endpoint URL: "https://oidc.us-west-2.amazonaws.com/token"
upload failed: upload/pdf/Lower Kalskag ANVSA_CMIP6-climate-projections.pdf to s3://native-resilience/projections/pdf/Lower Kalskag ANVSA_CMIP6-climate-projections.pdf Could not connect to the endpoint URL: "https://oidc.us-west-2.amazonaws.com/token"
upload failed: upload/pdf/Lower Elwha Reservation_CMIP6-climate-projections.pdf to s3://native-resilience/projections/pdf/Lower Elwha Reservation_CMIP6-climate-projections.pdf Could not connect to the endpoint URL: "https://oidc.us-west-2.amazonaws.com/token"
upload failed: upload/pdf/Lumbee SDTSA_CMIP6-climate-projections.pdf to s3://native-resilience/projections/pdf/Lumbee SDTSA_CMIP6-climate-projections.pdf Could not connect to the endpoint URL: "https://oidc.us-west-2.amazonaws.com/token"
upload failed: upload/pdf/Isleta Pueblo_CMIP6-climate-projections.pdf to s3://native-resilience/projections/pdf/Isleta Pueblo_CMIP6-climate-projections.pdf Could not connect to the endpoint URL: "https://oidc.us-west-2.amazonaws.com/token"
upload failed: upload/pdf/Lytton Rancheria_CMIP6-climate-projections.pdf to s3://native-resilience/projections/pdf/Lytton Rancheria_CMIP6-climate-projections.pdf Could not connect to the endpoint URL: "https://oidc.us-west-2.amazonaws.com/token"
upload failed: upload/pdf/MOWA Choctaw (state) Reservation_CMIP6-climate-projections.pdf to s3://native-resilience/projections/pdf/MOWA Choctaw (state) Reservation_CMIP6-climate-projections.pdf Could not connect to the endpoint URL: "https://oidc.us-west-2.amazonaws.com/token"
upload failed: upload/pdf/MaChis Lower Creek SDTSA_CMIP6-climate-projections.pdf to s3://native-resilience/projections/pdf/MaChis Lower Creek SDTSA_CMIP6-climate-projections.pdf Could not connect to the endpoint URL: "https://oidc.us-west-2.amazonaws.com/token"
upload failed: upload/pdf/Makah Indian Reservation_CMIP6-climate-projections.pdf to s3://native-resilience/projections/pdf/Makah Indian Reservation_CMIP6-climate-projections.pdf Could not connect to the endpoint URL: "https://oidc.us-west-2.amazonaws.com/token"
upload failed: upload/pdf/Manchester-Point Arena Rancheria_CMIP6-climate-projections.pdf to s3://native-resilience/projections/pdf/Manchester-Point Arena Rancheria_CMIP6-climate-projections.pdf Could not connect to the endpoint URL: "https://oidc.us-west-2.amazonaws.com/token"
upload failed: upload/pdf/Manley Hot Springs ANVSA_CMIP6-climate-projections.pdf to s3://native-resilience/projections/pdf/Manley Hot Springs ANVSA_CMIP6-climate-projections.pdf Could not connect to the endpoint URL: "https://oidc.us-west-2.amazonaws.com/token"
upload failed: upload/pdf/Manokotak ANVSA_CMIP6-climate-projections.pdf to s3://native-resilience/projections/pdf/Manokotak ANVSA_CMIP6-climate-projections.pdf Could not connect to the endpoint URL: "https://oidc.us-west-2.amazonaws.com/token"
upload failed: upload/pdf/Manzanita Reservation_CMIP6-climate-projections.pdf to s3://native-resilience/projections/pdf/Manzanita Reservation_CMIP6-climate-projections.pdf Could not connect to the endpoint URL: "https://oidc.us-west-2.amazonaws.com/token"
upload failed: upload/pdf/Maricopa (Ak Chin) Indian Reservation_CMIP6-climate-projections.pdf to s3://native-resilience/projections/pdf/Maricopa (Ak Chin) Indian Reservation_CMIP6-climate-projections.pdf Could not connect to the endpoint URL: "https://oidc.us-west-2.amazonaws.com/token"
upload failed: upload/pdf/Marshall ANVSA_CMIP6-climate-projections.pdf to s3://native-resilience/projections/pdf/Marshall ANVSA_CMIP6-climate-projections.pdf Could not connect to the endpoint URL: "https://oidc.us-west-2.amazonaws.com/token"
upload failed: upload/pdf/Mary's Igloo ANVSA_CMIP6-climate-projections.pdf to s3://native-resilience/projections/pdf/Mary's Igloo ANVSA_CMIP6-climate-projections.pdf Could not connect to the endpoint URL: "https://oidc.us-west-2.amazonaws.com/token"
upload failed: upload/pdf/Mashantucket Pequot Reservation_CMIP6-climate-projections.pdf to s3://native-resilience/projections/pdf/Mashantucket Pequot Reservation_CMIP6-climate-projections.pdf Could not connect to the endpoint URL: "https://oidc.us-west-2.amazonaws.com/token"
upload failed: upload/pdf/Match-e-be-nash-she-wish Band of Pottawatomi Reservation_CMIP6-climate-projections.pdf to s3://native-resilience/projections/pdf/Match-e-be-nash-she-wish Band of Pottawatomi Reservation_CMIP6-climate-projections.pdf Could not connect to the endpoint URL: "https://oidc.us-west-2.amazonaws.com/token"
upload failed: upload/pdf/Mattaponi (state) Reservation_CMIP6-climate-projections.pdf to s3://native-resilience/projections/pdf/Mattaponi (state) Reservation_CMIP6-climate-projections.pdf Could not connect to the endpoint URL: "https://oidc.us-west-2.amazonaws.com/token"
upload failed: upload/pdf/McGrath ANVSA_CMIP6-climate-projections.pdf to s3://native-resilience/projections/pdf/McGrath ANVSA_CMIP6-climate-projections.pdf Could not connect to the endpoint URL: "https://oidc.us-west-2.amazonaws.com/token"
upload failed: upload/pdf/Mechoopda TDSA_CMIP6-climate-projections.pdf to s3://native-resilience/projections/pdf/Mechoopda TDSA_CMIP6-climate-projections.pdf Could not connect to the endpoint URL: "https://oidc.us-west-2.amazonaws.com/token"
upload failed: upload/pdf/Meherrin SDTSA_CMIP6-climate-projections.pdf to s3://native-resilience/projections/pdf/Meherrin SDTSA_CMIP6-climate-projections.pdf Could not connect to the endpoint URL: "https://oidc.us-west-2.amazonaws.com/token"
upload failed: upload/pdf/Mekoryuk ANVSA_CMIP6-climate-projections.pdf to s3://native-resilience/projections/pdf/Mekoryuk ANVSA_CMIP6-climate-projections.pdf Could not connect to the endpoint URL: "https://oidc.us-west-2.amazonaws.com/token"
upload failed: upload/pdf/Menominee Reservation_CMIP6-climate-projections.pdf to s3://native-resilience/projections/pdf/Menominee Reservation_CMIP6-climate-projections.pdf Could not connect to the endpoint URL: "https://oidc.us-west-2.amazonaws.com/token"
upload failed: upload/pdf/Mentasta Lake ANVSA_CMIP6-climate-projections.pdf to s3://native-resilience/projections/pdf/Mentasta Lake ANVSA_CMIP6-climate-projections.pdf Could not connect to the endpoint URL: "https://oidc.us-west-2.amazonaws.com/token"
upload failed: upload/pdf/Mesa Grande Reservation_CMIP6-climate-projections.pdf to s3://native-resilience/projections/pdf/Mesa Grande Reservation_CMIP6-climate-projections.pdf Could not connect to the endpoint URL: "https://oidc.us-west-2.amazonaws.com/token"
upload failed: upload/pdf/Mescalero Reservation_CMIP6-climate-projections.pdf to s3://native-resilience/projections/pdf/Mescalero Reservation_CMIP6-climate-projections.pdf Could not connect to the endpoint URL: "https://oidc.us-west-2.amazonaws.com/token"
upload failed: upload/pdf/Miami OTSA_CMIP6-climate-projections.pdf to s3://native-resilience/projections/pdf/Miami OTSA_CMIP6-climate-projections.pdf Could not connect to the endpoint URL: "https://oidc.us-west-2.amazonaws.com/token"
upload failed: upload/pdf/Miami and Peoria joint-use OTSA_CMIP6-climate-projections.pdf to s3://native-resilience/projections/pdf/Miami and Peoria joint-use OTSA_CMIP6-climate-projections.pdf Could not connect to the endpoint URL: "https://oidc.us-west-2.amazonaws.com/token"
upload failed: upload/pdf/Miccosukee Reservation_CMIP6-climate-projections.pdf to s3://native-resilience/projections/pdf/Miccosukee Reservation_CMIP6-climate-projections.pdf Could not connect to the endpoint URL: "https://oidc.us-west-2.amazonaws.com/token"
upload failed: upload/pdf/Middletown Rancheria_CMIP6-climate-projections.pdf to s3://native-resilience/projections/pdf/Middletown Rancheria_CMIP6-climate-projections.pdf Could not connect to the endpoint URL: "https://oidc.us-west-2.amazonaws.com/token"
upload failed: upload/pdf/Mille Lacs Reservation_CMIP6-climate-projections.pdf to s3://native-resilience/projections/pdf/Mille Lacs Reservation_CMIP6-climate-projections.pdf Could not connect to the endpoint URL: "https://oidc.us-west-2.amazonaws.com/token"
upload failed: upload/pdf/Minto ANVSA_CMIP6-climate-projections.pdf to s3://native-resilience/projections/pdf/Minto ANVSA_CMIP6-climate-projections.pdf Could not connect to the endpoint URL: "https://oidc.us-west-2.amazonaws.com/token"
upload failed: upload/pdf/Mississippi Choctaw Reservation_CMIP6-climate-projections.pdf to s3://native-resilience/projections/pdf/Mississippi Choctaw Reservation_CMIP6-climate-projections.pdf Could not connect to the endpoint URL: "https://oidc.us-west-2.amazonaws.com/token"
upload failed: upload/pdf/Moapa River Indian Reservation_CMIP6-climate-projections.pdf to s3://native-resilience/projections/pdf/Moapa River Indian Reservation_CMIP6-climate-projections.pdf Could not connect to the endpoint URL: "https://oidc.us-west-2.amazonaws.com/token"
upload failed: upload/pdf/Modoc OTSA_CMIP6-climate-projections.pdf to s3://native-resilience/projections/pdf/Modoc OTSA_CMIP6-climate-projections.pdf Could not connect to the endpoint URL: "https://oidc.us-west-2.amazonaws.com/token"
upload failed: upload/pdf/Mohegan Reservation_CMIP6-climate-projections.pdf to s3://native-resilience/projections/pdf/Mohegan Reservation_CMIP6-climate-projections.pdf Could not connect to the endpoint URL: "https://oidc.us-west-2.amazonaws.com/token"
upload failed: upload/pdf/Montgomery Creek Rancheria_CMIP6-climate-projections.pdf to s3://native-resilience/projections/pdf/Montgomery Creek Rancheria_CMIP6-climate-projections.pdf Could not connect to the endpoint URL: "https://oidc.us-west-2.amazonaws.com/token"
upload failed: upload/pdf/Mooretown Rancheria_CMIP6-climate-projections.pdf to s3://native-resilience/projections/pdf/Mooretown Rancheria_CMIP6-climate-projections.pdf Could not connect to the endpoint URL: "https://oidc.us-west-2.amazonaws.com/token"
upload failed: upload/pdf/Morongo Reservation_CMIP6-climate-projections.pdf to s3://native-resilience/projections/pdf/Morongo Reservation_CMIP6-climate-projections.pdf Could not connect to the endpoint URL: "https://oidc.us-west-2.amazonaws.com/token"
upload failed: upload/pdf/Mountain Village ANVSA_CMIP6-climate-projections.pdf to s3://native-resilience/projections/pdf/Mountain Village ANVSA_CMIP6-climate-projections.pdf Could not connect to the endpoint URL: "https://oidc.us-west-2.amazonaws.com/token"
upload failed: upload/pdf/Lower Sioux Indian Community_CMIP6-climate-projections.pdf to s3://native-resilience/projections/pdf/Lower Sioux Indian Community_CMIP6-climate-projections.pdf Could not connect to the endpoint URL: "https://oidc.us-west-2.amazonaws.com/token"
upload failed: upload/pdf/Naknek ANVSA_CMIP6-climate-projections.pdf to s3://native-resilience/projections/pdf/Naknek ANVSA_CMIP6-climate-projections.pdf Could not connect to the endpoint URL: "https://oidc.us-west-2.amazonaws.com/token"
upload failed: upload/pdf/Lower Brule Reservation_CMIP6-climate-projections.pdf to s3://native-resilience/projections/pdf/Lower Brule Reservation_CMIP6-climate-projections.pdf Could not connect to the endpoint URL: "https://oidc.us-west-2.amazonaws.com/token"
upload failed: upload/pdf/Nanticoke Indian Tribe SDTSA_CMIP6-climate-projections.pdf to s3://native-resilience/projections/pdf/Nanticoke Indian Tribe SDTSA_CMIP6-climate-projections.pdf Could not connect to the endpoint URL: "https://oidc.us-west-2.amazonaws.com/token"
upload failed: upload/pdf/Nanticoke Lenni Lenape SDTSA_CMIP6-climate-projections.pdf to s3://native-resilience/projections/pdf/Nanticoke Lenni Lenape SDTSA_CMIP6-climate-projections.pdf Could not connect to the endpoint URL: "https://oidc.us-west-2.amazonaws.com/token"
upload failed: upload/pdf/Nanwalek ANVSA_CMIP6-climate-projections.pdf to s3://native-resilience/projections/pdf/Nanwalek ANVSA_CMIP6-climate-projections.pdf Could not connect to the endpoint URL: "https://oidc.us-west-2.amazonaws.com/token"
upload failed: upload/pdf/Napaimute ANVSA_CMIP6-climate-projections.pdf to s3://native-resilience/projections/pdf/Napaimute ANVSA_CMIP6-climate-projections.pdf Could not connect to the endpoint URL: "https://oidc.us-west-2.amazonaws.com/token"
upload failed: upload/pdf/Napakiak ANVSA_CMIP6-climate-projections.pdf to s3://native-resilience/projections/pdf/Napakiak ANVSA_CMIP6-climate-projections.pdf Could not connect to the endpoint URL: "https://oidc.us-west-2.amazonaws.com/token"
upload failed: upload/pdf/Lovelock Indian Colony_CMIP6-climate-projections.pdf to s3://native-resilience/projections/pdf/Lovelock Indian Colony_CMIP6-climate-projections.pdf Could not connect to the endpoint URL: "https://oidc.us-west-2.amazonaws.com/token"
upload failed: upload/pdf/Narragansett Reservation_CMIP6-climate-projections.pdf to s3://native-resilience/projections/pdf/Narragansett Reservation_CMIP6-climate-projections.pdf Could not connect to the endpoint URL: "https://oidc.us-west-2.amazonaws.com/token"
upload failed: upload/pdf/Natchitoches SDTSA_CMIP6-climate-projections.pdf to s3://native-resilience/projections/pdf/Natchitoches SDTSA_CMIP6-climate-projections.pdf Could not connect to the endpoint URL: "https://oidc.us-west-2.amazonaws.com/token"
upload failed: upload/pdf/Navajo Nation — Chinle Agency_CMIP6-climate-projections.pdf to s3://native-resilience/projections/pdf/Navajo Nation — Chinle Agency_CMIP6-climate-projections.pdf Could not connect to the endpoint URL: "https://oidc.us-west-2.amazonaws.com/token"
upload failed: upload/pdf/Navajo Nation — Eastern Agency_CMIP6-climate-projections.pdf to s3://native-resilience/projections/pdf/Navajo Nation — Eastern Agency_CMIP6-climate-projections.pdf Could not connect to the endpoint URL: "https://oidc.us-west-2.amazonaws.com/token"
upload failed: upload/pdf/Navajo Nation — Fort Defiance Agency_CMIP6-climate-projections.pdf to s3://native-resilience/projections/pdf/Navajo Nation — Fort Defiance Agency_CMIP6-climate-projections.pdf Could not connect to the endpoint URL: "https://oidc.us-west-2.amazonaws.com/token"
upload failed: upload/pdf/Navajo Nation — Shiprock Agency_CMIP6-climate-projections.pdf to s3://native-resilience/projections/pdf/Navajo Nation — Shiprock Agency_CMIP6-climate-projections.pdf Could not connect to the endpoint URL: "https://oidc.us-west-2.amazonaws.com/token"
upload failed: upload/pdf/Navajo Nation — Tuba City Agency_CMIP6-climate-projections.pdf to s3://native-resilience/projections/pdf/Navajo Nation — Tuba City Agency_CMIP6-climate-projections.pdf Could not connect to the endpoint URL: "https://oidc.us-west-2.amazonaws.com/token"
upload failed: upload/pdf/Nelson Lagoon ANVSA_CMIP6-climate-projections.pdf to s3://native-resilience/projections/pdf/Nelson Lagoon ANVSA_CMIP6-climate-projections.pdf Could not connect to the endpoint URL: "https://oidc.us-west-2.amazonaws.com/token"
upload failed: upload/pdf/Lummi Reservation_CMIP6-climate-projections.pdf to s3://native-resilience/projections/pdf/Lummi Reservation_CMIP6-climate-projections.pdf Could not connect to the endpoint URL: "https://oidc.us-west-2.amazonaws.com/token"
upload failed: upload/pdf/Nenana ANVSA_CMIP6-climate-projections.pdf to s3://native-resilience/projections/pdf/Nenana ANVSA_CMIP6-climate-projections.pdf Could not connect to the endpoint URL: "https://oidc.us-west-2.amazonaws.com/token"
upload failed: upload/pdf/New Stuyahok ANVSA_CMIP6-climate-projections.pdf to s3://native-resilience/projections/pdf/New Stuyahok ANVSA_CMIP6-climate-projections.pdf Could not connect to the endpoint URL: "https://oidc.us-west-2.amazonaws.com/token"
upload failed: upload/pdf/Newhalen ANVSA_CMIP6-climate-projections.pdf to s3://native-resilience/projections/pdf/Newhalen ANVSA_CMIP6-climate-projections.pdf Could not connect to the endpoint URL: "https://oidc.us-west-2.amazonaws.com/token"
upload failed: upload/pdf/Newtok ANVSA_CMIP6-climate-projections.pdf to s3://native-resilience/projections/pdf/Newtok ANVSA_CMIP6-climate-projections.pdf Could not connect to the endpoint URL: "https://oidc.us-west-2.amazonaws.com/token"
upload failed: upload/pdf/Nambe Pueblo_CMIP6-climate-projections.pdf to s3://native-resilience/projections/pdf/Nambe Pueblo_CMIP6-climate-projections.pdf Could not connect to the endpoint URL: "https://oidc.us-west-2.amazonaws.com/token"
upload failed: upload/pdf/Nightmute ANVSA_CMIP6-climate-projections.pdf to s3://native-resilience/projections/pdf/Nightmute ANVSA_CMIP6-climate-projections.pdf Could not connect to the endpoint URL: "https://oidc.us-west-2.amazonaws.com/token"
upload failed: upload/pdf/Napaskiak ANVSA_CMIP6-climate-projections.pdf to s3://native-resilience/projections/pdf/Napaskiak ANVSA_CMIP6-climate-projections.pdf Could not connect to the endpoint URL: "https://oidc.us-west-2.amazonaws.com/token"
upload failed: upload/pdf/Nikolski ANVSA_CMIP6-climate-projections.pdf to s3://native-resilience/projections/pdf/Nikolski ANVSA_CMIP6-climate-projections.pdf Could not connect to the endpoint URL: "https://oidc.us-west-2.amazonaws.com/token"
upload failed: upload/pdf/Ninilchik ANVSA_CMIP6-climate-projections.pdf to s3://native-resilience/projections/pdf/Ninilchik ANVSA_CMIP6-climate-projections.pdf Could not connect to the endpoint URL: "https://oidc.us-west-2.amazonaws.com/token"
upload failed: upload/pdf/Nisqually Reservation_CMIP6-climate-projections.pdf to s3://native-resilience/projections/pdf/Nisqually Reservation_CMIP6-climate-projections.pdf Could not connect to the endpoint URL: "https://oidc.us-west-2.amazonaws.com/token"
upload failed: upload/pdf/Noatak ANVSA_CMIP6-climate-projections.pdf to s3://native-resilience/projections/pdf/Noatak ANVSA_CMIP6-climate-projections.pdf Could not connect to the endpoint URL: "https://oidc.us-west-2.amazonaws.com/token"
upload failed: upload/pdf/Nome ANVSA_CMIP6-climate-projections.pdf to s3://native-resilience/projections/pdf/Nome ANVSA_CMIP6-climate-projections.pdf Could not connect to the endpoint URL: "https://oidc.us-west-2.amazonaws.com/token"
upload failed: upload/pdf/Nondalton ANVSA_CMIP6-climate-projections.pdf to s3://native-resilience/projections/pdf/Nondalton ANVSA_CMIP6-climate-projections.pdf Could not connect to the endpoint URL: "https://oidc.us-west-2.amazonaws.com/token"
upload failed: upload/pdf/Nooksack Reservation_CMIP6-climate-projections.pdf to s3://native-resilience/projections/pdf/Nooksack Reservation_CMIP6-climate-projections.pdf Could not connect to the endpoint URL: "https://oidc.us-west-2.amazonaws.com/token"
upload failed: upload/pdf/Noorvik ANVSA_CMIP6-climate-projections.pdf to s3://native-resilience/projections/pdf/Noorvik ANVSA_CMIP6-climate-projections.pdf Could not connect to the endpoint URL: "https://oidc.us-west-2.amazonaws.com/token"
upload failed: upload/pdf/North Fork Rancheria_CMIP6-climate-projections.pdf to s3://native-resilience/projections/pdf/North Fork Rancheria_CMIP6-climate-projections.pdf Could not connect to the endpoint URL: "https://oidc.us-west-2.amazonaws.com/token"
upload failed: upload/pdf/Northern Cheyenne Indian Reservation_CMIP6-climate-projections.pdf to s3://native-resilience/projections/pdf/Northern Cheyenne Indian Reservation_CMIP6-climate-projections.pdf Could not connect to the endpoint URL: "https://oidc.us-west-2.amazonaws.com/token"
upload failed: upload/pdf/Northway ANVSA_CMIP6-climate-projections.pdf to s3://native-resilience/projections/pdf/Northway ANVSA_CMIP6-climate-projections.pdf Could not connect to the endpoint URL: "https://oidc.us-west-2.amazonaws.com/token"
upload failed: upload/pdf/Northwestern Shoshone Reservation_CMIP6-climate-projections.pdf to s3://native-resilience/projections/pdf/Northwestern Shoshone Reservation_CMIP6-climate-projections.pdf Could not connect to the endpoint URL: "https://oidc.us-west-2.amazonaws.com/token"
upload failed: upload/pdf/Nuiqsut ANVSA_CMIP6-climate-projections.pdf to s3://native-resilience/projections/pdf/Nuiqsut ANVSA_CMIP6-climate-projections.pdf Could not connect to the endpoint URL: "https://oidc.us-west-2.amazonaws.com/token"
upload failed: upload/pdf/Nulato ANVSA_CMIP6-climate-projections.pdf to s3://native-resilience/projections/pdf/Nulato ANVSA_CMIP6-climate-projections.pdf Could not connect to the endpoint URL: "https://oidc.us-west-2.amazonaws.com/token"
upload failed: upload/pdf/Nunam Iqua ANVSA_CMIP6-climate-projections.pdf to s3://native-resilience/projections/pdf/Nunam Iqua ANVSA_CMIP6-climate-projections.pdf Could not connect to the endpoint URL: "https://oidc.us-west-2.amazonaws.com/token"
upload failed: upload/pdf/Nunapitchuk ANVSA_CMIP6-climate-projections.pdf to s3://native-resilience/projections/pdf/Nunapitchuk ANVSA_CMIP6-climate-projections.pdf Could not connect to the endpoint URL: "https://oidc.us-west-2.amazonaws.com/token"
upload failed: upload/pdf/Occaneechi-Saponi SDTSA_CMIP6-climate-projections.pdf to s3://native-resilience/projections/pdf/Occaneechi-Saponi SDTSA_CMIP6-climate-projections.pdf Could not connect to the endpoint URL: "https://oidc.us-west-2.amazonaws.com/token"
upload failed: upload/pdf/New Koliganek ANVSA_CMIP6-climate-projections.pdf to s3://native-resilience/projections/pdf/New Koliganek ANVSA_CMIP6-climate-projections.pdf Could not connect to the endpoint URL: "https://oidc.us-west-2.amazonaws.com/token"
upload failed: upload/pdf/Nikolai ANVSA_CMIP6-climate-projections.pdf to s3://native-resilience/projections/pdf/Nikolai ANVSA_CMIP6-climate-projections.pdf Could not connect to the endpoint URL: "https://oidc.us-west-2.amazonaws.com/token"
upload failed: upload/pdf/Ohkay Owingeh_CMIP6-climate-projections.pdf to s3://native-resilience/projections/pdf/Ohkay Owingeh_CMIP6-climate-projections.pdf Could not connect to the endpoint URL: "https://oidc.us-west-2.amazonaws.com/token"
upload failed: upload/pdf/Old Harbor ANVSA_CMIP6-climate-projections.pdf to s3://native-resilience/projections/pdf/Old Harbor ANVSA_CMIP6-climate-projections.pdf Could not connect to the endpoint URL: "https://oidc.us-west-2.amazonaws.com/token"
upload failed: upload/pdf/Omaha Reservation_CMIP6-climate-projections.pdf to s3://native-resilience/projections/pdf/Omaha Reservation_CMIP6-climate-projections.pdf Could not connect to the endpoint URL: "https://oidc.us-west-2.amazonaws.com/token"
upload failed: upload/pdf/Oneida (WI) Reservation_CMIP6-climate-projections.pdf to s3://native-resilience/projections/pdf/Oneida (WI) Reservation_CMIP6-climate-projections.pdf Could not connect to the endpoint URL: "https://oidc.us-west-2.amazonaws.com/token"
upload failed: upload/pdf/Oneida Indian Nation Reservation_CMIP6-climate-projections.pdf to s3://native-resilience/projections/pdf/Oneida Indian Nation Reservation_CMIP6-climate-projections.pdf Could not connect to the endpoint URL: "https://oidc.us-west-2.amazonaws.com/token"
upload failed: upload/pdf/Onondaga Nation Reservation_CMIP6-climate-projections.pdf to s3://native-resilience/projections/pdf/Onondaga Nation Reservation_CMIP6-climate-projections.pdf Could not connect to the endpoint URL: "https://oidc.us-west-2.amazonaws.com/token"
upload failed: upload/pdf/Ontonagon Reservation_CMIP6-climate-projections.pdf to s3://native-resilience/projections/pdf/Ontonagon Reservation_CMIP6-climate-projections.pdf Could not connect to the endpoint URL: "https://oidc.us-west-2.amazonaws.com/token"
upload failed: upload/pdf/Osage Reservation_CMIP6-climate-projections.pdf to s3://native-resilience/projections/pdf/Osage Reservation_CMIP6-climate-projections.pdf Could not connect to the endpoint URL: "https://oidc.us-west-2.amazonaws.com/token"
upload failed: upload/pdf/Oscarville ANVSA_CMIP6-climate-projections.pdf to s3://native-resilience/projections/pdf/Oscarville ANVSA_CMIP6-climate-projections.pdf Could not connect to the endpoint URL: "https://oidc.us-west-2.amazonaws.com/token"
upload failed: upload/pdf/Otoe-Missouria OTSA_CMIP6-climate-projections.pdf to s3://native-resilience/projections/pdf/Otoe-Missouria OTSA_CMIP6-climate-projections.pdf Could not connect to the endpoint URL: "https://oidc.us-west-2.amazonaws.com/token"
upload failed: upload/pdf/Ottawa OTSA_CMIP6-climate-projections.pdf to s3://native-resilience/projections/pdf/Ottawa OTSA_CMIP6-climate-projections.pdf Could not connect to the endpoint URL: "https://oidc.us-west-2.amazonaws.com/token"
upload failed: upload/pdf/Ouzinkie ANVSA_CMIP6-climate-projections.pdf to s3://native-resilience/projections/pdf/Ouzinkie ANVSA_CMIP6-climate-projections.pdf Could not connect to the endpoint URL: "https://oidc.us-west-2.amazonaws.com/token"
upload failed: upload/pdf/Paimiut ANVSA_CMIP6-climate-projections.pdf to s3://native-resilience/projections/pdf/Paimiut ANVSA_CMIP6-climate-projections.pdf Could not connect to the endpoint URL: "https://oidc.us-west-2.amazonaws.com/token"
upload failed: upload/pdf/Paiute (UT) Reservation_CMIP6-climate-projections.pdf to s3://native-resilience/projections/pdf/Paiute (UT) Reservation_CMIP6-climate-projections.pdf Could not connect to the endpoint URL: "https://oidc.us-west-2.amazonaws.com/token"
upload failed: upload/pdf/Pala Reservation_CMIP6-climate-projections.pdf to s3://native-resilience/projections/pdf/Pala Reservation_CMIP6-climate-projections.pdf Could not connect to the endpoint URL: "https://oidc.us-west-2.amazonaws.com/token"
upload failed: upload/pdf/Pamunkey (state) Reservation_CMIP6-climate-projections.pdf to s3://native-resilience/projections/pdf/Pamunkey (state) Reservation_CMIP6-climate-projections.pdf Could not connect to the endpoint URL: "https://oidc.us-west-2.amazonaws.com/token"
upload failed: upload/pdf/Pascua Pueblo Yaqui Reservation_CMIP6-climate-projections.pdf to s3://native-resilience/projections/pdf/Pascua Pueblo Yaqui Reservation_CMIP6-climate-projections.pdf Could not connect to the endpoint URL: "https://oidc.us-west-2.amazonaws.com/token"
upload failed: upload/pdf/Paskenta Rancheria_CMIP6-climate-projections.pdf to s3://native-resilience/projections/pdf/Paskenta Rancheria_CMIP6-climate-projections.pdf Could not connect to the endpoint URL: "https://oidc.us-west-2.amazonaws.com/token"
upload failed: upload/pdf/Paucatuck Eastern Pequot (state) Reservation_CMIP6-climate-projections.pdf to s3://native-resilience/projections/pdf/Paucatuck Eastern Pequot (state) Reservation_CMIP6-climate-projections.pdf Could not connect to the endpoint URL: "https://oidc.us-west-2.amazonaws.com/token"
upload failed: upload/pdf/Pauma and Yuima Reservation_CMIP6-climate-projections.pdf to s3://native-resilience/projections/pdf/Pauma and Yuima Reservation_CMIP6-climate-projections.pdf Could not connect to the endpoint URL: "https://oidc.us-west-2.amazonaws.com/token"
upload failed: upload/pdf/Pawnee OTSA_CMIP6-climate-projections.pdf to s3://native-resilience/projections/pdf/Pawnee OTSA_CMIP6-climate-projections.pdf Could not connect to the endpoint URL: "https://oidc.us-west-2.amazonaws.com/token"
upload failed: upload/pdf/Pechanga Reservation_CMIP6-climate-projections.pdf to s3://native-resilience/projections/pdf/Pechanga Reservation_CMIP6-climate-projections.pdf Could not connect to the endpoint URL: "https://oidc.us-west-2.amazonaws.com/token"
upload failed: upload/pdf/Pedro Bay ANVSA_CMIP6-climate-projections.pdf to s3://native-resilience/projections/pdf/Pedro Bay ANVSA_CMIP6-climate-projections.pdf Could not connect to the endpoint URL: "https://oidc.us-west-2.amazonaws.com/token"
upload failed: upload/pdf/Pee Dee SDTSA_CMIP6-climate-projections.pdf to s3://native-resilience/projections/pdf/Pee Dee SDTSA_CMIP6-climate-projections.pdf Could not connect to the endpoint URL: "https://oidc.us-west-2.amazonaws.com/token"
upload failed: upload/pdf/Penobscot Reservation_CMIP6-climate-projections.pdf to s3://native-resilience/projections/pdf/Penobscot Reservation_CMIP6-climate-projections.pdf Could not connect to the endpoint URL: "https://oidc.us-west-2.amazonaws.com/token"
upload failed: upload/pdf/Peoria OTSA_CMIP6-climate-projections.pdf to s3://native-resilience/projections/pdf/Peoria OTSA_CMIP6-climate-projections.pdf Could not connect to the endpoint URL: "https://oidc.us-west-2.amazonaws.com/token"
upload failed: upload/pdf/Perryville ANVSA_CMIP6-climate-projections.pdf to s3://native-resilience/projections/pdf/Perryville ANVSA_CMIP6-climate-projections.pdf Could not connect to the endpoint URL: "https://oidc.us-west-2.amazonaws.com/token"
upload failed: upload/pdf/Petersburg ANVSA_CMIP6-climate-projections.pdf to s3://native-resilience/projections/pdf/Petersburg ANVSA_CMIP6-climate-projections.pdf Could not connect to the endpoint URL: "https://oidc.us-west-2.amazonaws.com/token"
upload failed: upload/pdf/Ohogamiut ANVSA_CMIP6-climate-projections.pdf to s3://native-resilience/projections/pdf/Ohogamiut ANVSA_CMIP6-climate-projections.pdf Could not connect to the endpoint URL: "https://oidc.us-west-2.amazonaws.com/token"
upload failed: upload/pdf/Nez Perce Reservation_CMIP6-climate-projections.pdf to s3://native-resilience/projections/pdf/Nez Perce Reservation_CMIP6-climate-projections.pdf Could not connect to the endpoint URL: "https://oidc.us-west-2.amazonaws.com/token"
upload failed: upload/pdf/Muckleshoot Reservation_CMIP6-climate-projections.pdf to s3://native-resilience/projections/pdf/Muckleshoot Reservation_CMIP6-climate-projections.pdf Could not connect to the endpoint URL: "https://oidc.us-west-2.amazonaws.com/token"
upload failed: upload/pdf/Pilot Station ANVSA_CMIP6-climate-projections.pdf to s3://native-resilience/projections/pdf/Pilot Station ANVSA_CMIP6-climate-projections.pdf Could not connect to the endpoint URL: "https://oidc.us-west-2.amazonaws.com/token"
upload failed: upload/pdf/Pine Ridge Reservation_CMIP6-climate-projections.pdf to s3://native-resilience/projections/pdf/Pine Ridge Reservation_CMIP6-climate-projections.pdf Could not connect to the endpoint URL: "https://oidc.us-west-2.amazonaws.com/token"
upload failed: upload/pdf/Pinoleville Rancheria_CMIP6-climate-projections.pdf to s3://native-resilience/projections/pdf/Pinoleville Rancheria_CMIP6-climate-projections.pdf Could not connect to the endpoint URL: "https://oidc.us-west-2.amazonaws.com/token"
upload failed: upload/pdf/Pitkas Point ANVSA_CMIP6-climate-projections.pdf to s3://native-resilience/projections/pdf/Pitkas Point ANVSA_CMIP6-climate-projections.pdf Could not connect to the endpoint URL: "https://oidc.us-west-2.amazonaws.com/token"
upload failed: upload/pdf/Platinum ANVSA_CMIP6-climate-projections.pdf to s3://native-resilience/projections/pdf/Platinum ANVSA_CMIP6-climate-projections.pdf Could not connect to the endpoint URL: "https://oidc.us-west-2.amazonaws.com/token"
upload failed: upload/pdf/Pleasant Point Reservation_CMIP6-climate-projections.pdf to s3://native-resilience/projections/pdf/Pleasant Point Reservation_CMIP6-climate-projections.pdf Could not connect to the endpoint URL: "https://oidc.us-west-2.amazonaws.com/token"
upload failed: upload/pdf/Poarch Creek Reservation_CMIP6-climate-projections.pdf to s3://native-resilience/projections/pdf/Poarch Creek Reservation_CMIP6-climate-projections.pdf Could not connect to the endpoint URL: "https://oidc.us-west-2.amazonaws.com/token"
upload failed: upload/pdf/Point Hope ANVSA_CMIP6-climate-projections.pdf to s3://native-resilience/projections/pdf/Point Hope ANVSA_CMIP6-climate-projections.pdf Could not connect to the endpoint URL: "https://oidc.us-west-2.amazonaws.com/token"
upload failed: upload/pdf/Point Lay ANVSA_CMIP6-climate-projections.pdf to s3://native-resilience/projections/pdf/Point Lay ANVSA_CMIP6-climate-projections.pdf Could not connect to the endpoint URL: "https://oidc.us-west-2.amazonaws.com/token"
upload failed: upload/pdf/Pointe-au-Chien SDTSA_CMIP6-climate-projections.pdf to s3://native-resilience/projections/pdf/Pointe-au-Chien SDTSA_CMIP6-climate-projections.pdf Could not connect to the endpoint URL: "https://oidc.us-west-2.amazonaws.com/token"
upload failed: upload/pdf/Pokagon Reservation_CMIP6-climate-projections.pdf to s3://native-resilience/projections/pdf/Pokagon Reservation_CMIP6-climate-projections.pdf Could not connect to the endpoint URL: "https://oidc.us-west-2.amazonaws.com/token"
upload failed: upload/pdf/Ponca OTSA_CMIP6-climate-projections.pdf to s3://native-resilience/projections/pdf/Ponca OTSA_CMIP6-climate-projections.pdf Could not connect to the endpoint URL: "https://oidc.us-west-2.amazonaws.com/token"
upload failed: upload/pdf/Poospatuck (state) Reservation_CMIP6-climate-projections.pdf to s3://native-resilience/projections/pdf/Poospatuck (state) Reservation_CMIP6-climate-projections.pdf Could not connect to the endpoint URL: "https://oidc.us-west-2.amazonaws.com/token"
upload failed: upload/pdf/Port Alsworth ANVSA_CMIP6-climate-projections.pdf to s3://native-resilience/projections/pdf/Port Alsworth ANVSA_CMIP6-climate-projections.pdf Could not connect to the endpoint URL: "https://oidc.us-west-2.amazonaws.com/token"
upload failed: upload/pdf/Port Gamble Reservation_CMIP6-climate-projections.pdf to s3://native-resilience/projections/pdf/Port Gamble Reservation_CMIP6-climate-projections.pdf Could not connect to the endpoint URL: "https://oidc.us-west-2.amazonaws.com/token"
upload failed: upload/pdf/Port Graham ANVSA_CMIP6-climate-projections.pdf to s3://native-resilience/projections/pdf/Port Graham ANVSA_CMIP6-climate-projections.pdf Could not connect to the endpoint URL: "https://oidc.us-west-2.amazonaws.com/token"
upload failed: upload/pdf/Port Heiden ANVSA_CMIP6-climate-projections.pdf to s3://native-resilience/projections/pdf/Port Heiden ANVSA_CMIP6-climate-projections.pdf Could not connect to the endpoint URL: "https://oidc.us-west-2.amazonaws.com/token"
upload failed: upload/pdf/Port Lions ANVSA_CMIP6-climate-projections.pdf to s3://native-resilience/projections/pdf/Port Lions ANVSA_CMIP6-climate-projections.pdf Could not connect to the endpoint URL: "https://oidc.us-west-2.amazonaws.com/token"
upload failed: upload/pdf/Port Madison Reservation_CMIP6-climate-projections.pdf to s3://native-resilience/projections/pdf/Port Madison Reservation_CMIP6-climate-projections.pdf Could not connect to the endpoint URL: "https://oidc.us-west-2.amazonaws.com/token"
upload failed: upload/pdf/Oil Springs Reservation_CMIP6-climate-projections.pdf to s3://native-resilience/projections/pdf/Oil Springs Reservation_CMIP6-climate-projections.pdf Could not connect to the endpoint URL: "https://oidc.us-west-2.amazonaws.com/token"
upload failed: upload/pdf/Prairie Band of Potawatomi Nation Reservation_CMIP6-climate-projections.pdf to s3://native-resilience/projections/pdf/Prairie Band of Potawatomi Nation Reservation_CMIP6-climate-projections.pdf Could not connect to the endpoint URL: "https://oidc.us-west-2.amazonaws.com/token"
upload failed: upload/pdf/Picuris Pueblo_CMIP6-climate-projections.pdf to s3://native-resilience/projections/pdf/Picuris Pueblo_CMIP6-climate-projections.pdf Could not connect to the endpoint URL: "https://oidc.us-west-2.amazonaws.com/token"
upload failed: upload/pdf/Pilot Point ANVSA_CMIP6-climate-projections.pdf to s3://native-resilience/projections/pdf/Pilot Point ANVSA_CMIP6-climate-projections.pdf Could not connect to the endpoint URL: "https://oidc.us-west-2.amazonaws.com/token"
upload failed: upload/pdf/Portage Creek ANVSA_CMIP6-climate-projections.pdf to s3://native-resilience/projections/pdf/Portage Creek ANVSA_CMIP6-climate-projections.pdf Could not connect to the endpoint URL: "https://oidc.us-west-2.amazonaws.com/token"
upload failed: upload/pdf/Pueblo de Cochiti_CMIP6-climate-projections.pdf to s3://native-resilience/projections/pdf/Pueblo de Cochiti_CMIP6-climate-projections.pdf Could not connect to the endpoint URL: "https://oidc.us-west-2.amazonaws.com/token"
upload failed: upload/pdf/Pyramid Lake Paiute Reservation_CMIP6-climate-projections.pdf to s3://native-resilience/projections/pdf/Pyramid Lake Paiute Reservation_CMIP6-climate-projections.pdf Could not connect to the endpoint URL: "https://oidc.us-west-2.amazonaws.com/token"
upload failed: upload/pdf/Quapaw OTSA_CMIP6-climate-projections.pdf to s3://native-resilience/projections/pdf/Quapaw OTSA_CMIP6-climate-projections.pdf Could not connect to the endpoint URL: "https://oidc.us-west-2.amazonaws.com/token"
upload failed: upload/pdf/Quartz Valley Reservation_CMIP6-climate-projections.pdf to s3://native-resilience/projections/pdf/Quartz Valley Reservation_CMIP6-climate-projections.pdf Could not connect to the endpoint URL: "https://oidc.us-west-2.amazonaws.com/token"
upload failed: upload/pdf/Quileute Reservation_CMIP6-climate-projections.pdf to s3://native-resilience/projections/pdf/Quileute Reservation_CMIP6-climate-projections.pdf Could not connect to the endpoint URL: "https://oidc.us-west-2.amazonaws.com/token"
upload failed: upload/pdf/Quinault Reservation_CMIP6-climate-projections.pdf to s3://native-resilience/projections/pdf/Quinault Reservation_CMIP6-climate-projections.pdf Could not connect to the endpoint URL: "https://oidc.us-west-2.amazonaws.com/token"
upload failed: upload/pdf/Ramapough SDTSA_CMIP6-climate-projections.pdf to s3://native-resilience/projections/pdf/Ramapough SDTSA_CMIP6-climate-projections.pdf Could not connect to the endpoint URL: "https://oidc.us-west-2.amazonaws.com/token"
upload failed: upload/pdf/Ramona Village_CMIP6-climate-projections.pdf to s3://native-resilience/projections/pdf/Ramona Village_CMIP6-climate-projections.pdf Could not connect to the endpoint URL: "https://oidc.us-west-2.amazonaws.com/token"
upload failed: upload/pdf/Rampart ANVSA_CMIP6-climate-projections.pdf to s3://native-resilience/projections/pdf/Rampart ANVSA_CMIP6-climate-projections.pdf Could not connect to the endpoint URL: "https://oidc.us-west-2.amazonaws.com/token"
upload failed: upload/pdf/Rappahannock TDSA_CMIP6-climate-projections.pdf to s3://native-resilience/projections/pdf/Rappahannock TDSA_CMIP6-climate-projections.pdf Could not connect to the endpoint URL: "https://oidc.us-west-2.amazonaws.com/token"
upload failed: upload/pdf/Red Cliff Reservation_CMIP6-climate-projections.pdf to s3://native-resilience/projections/pdf/Red Cliff Reservation_CMIP6-climate-projections.pdf Could not connect to the endpoint URL: "https://oidc.us-west-2.amazonaws.com/token"
upload failed: upload/pdf/Red Devil ANVSA_CMIP6-climate-projections.pdf to s3://native-resilience/projections/pdf/Red Devil ANVSA_CMIP6-climate-projections.pdf Could not connect to the endpoint URL: "https://oidc.us-west-2.amazonaws.com/token"
upload failed: upload/pdf/Red Lake Reservation_CMIP6-climate-projections.pdf to s3://native-resilience/projections/pdf/Red Lake Reservation_CMIP6-climate-projections.pdf Could not connect to the endpoint URL: "https://oidc.us-west-2.amazonaws.com/token"
upload failed: upload/pdf/Redding Rancheria_CMIP6-climate-projections.pdf to s3://native-resilience/projections/pdf/Redding Rancheria_CMIP6-climate-projections.pdf Could not connect to the endpoint URL: "https://oidc.us-west-2.amazonaws.com/token"
upload failed: upload/pdf/Redwood Valley Rancheria_CMIP6-climate-projections.pdf to s3://native-resilience/projections/pdf/Redwood Valley Rancheria_CMIP6-climate-projections.pdf Could not connect to the endpoint URL: "https://oidc.us-west-2.amazonaws.com/token"
upload failed: upload/pdf/Reno-Sparks Indian Colony_CMIP6-climate-projections.pdf to s3://native-resilience/projections/pdf/Reno-Sparks Indian Colony_CMIP6-climate-projections.pdf Could not connect to the endpoint URL: "https://oidc.us-west-2.amazonaws.com/token"
upload failed: upload/pdf/Resighini Rancheria_CMIP6-climate-projections.pdf to s3://native-resilience/projections/pdf/Resighini Rancheria_CMIP6-climate-projections.pdf Could not connect to the endpoint URL: "https://oidc.us-west-2.amazonaws.com/token"
upload failed: upload/pdf/Rincon Reservation_CMIP6-climate-projections.pdf to s3://native-resilience/projections/pdf/Rincon Reservation_CMIP6-climate-projections.pdf Could not connect to the endpoint URL: "https://oidc.us-west-2.amazonaws.com/token"
upload failed: upload/pdf/Roaring Creek Rancheria_CMIP6-climate-projections.pdf to s3://native-resilience/projections/pdf/Roaring Creek Rancheria_CMIP6-climate-projections.pdf Could not connect to the endpoint URL: "https://oidc.us-west-2.amazonaws.com/token"
upload failed: upload/pdf/Robinson Rancheria_CMIP6-climate-projections.pdf to s3://native-resilience/projections/pdf/Robinson Rancheria_CMIP6-climate-projections.pdf Could not connect to the endpoint URL: "https://oidc.us-west-2.amazonaws.com/token"
upload failed: upload/pdf/Rocky Boy's Reservation_CMIP6-climate-projections.pdf to s3://native-resilience/projections/pdf/Rocky Boy's Reservation_CMIP6-climate-projections.pdf Could not connect to the endpoint URL: "https://oidc.us-west-2.amazonaws.com/token"
upload failed: upload/pdf/Rosebud Indian Reservation_CMIP6-climate-projections.pdf to s3://native-resilience/projections/pdf/Rosebud Indian Reservation_CMIP6-climate-projections.pdf Could not connect to the endpoint URL: "https://oidc.us-west-2.amazonaws.com/token"
upload failed: upload/pdf/Round Valley Reservation_CMIP6-climate-projections.pdf to s3://native-resilience/projections/pdf/Round Valley Reservation_CMIP6-climate-projections.pdf Could not connect to the endpoint URL: "https://oidc.us-west-2.amazonaws.com/token"
upload failed: upload/pdf/Ruby ANVSA_CMIP6-climate-projections.pdf to s3://native-resilience/projections/pdf/Ruby ANVSA_CMIP6-climate-projections.pdf Could not connect to the endpoint URL: "https://oidc.us-west-2.amazonaws.com/token"
upload failed: upload/pdf/Rumsey Indian Rancheria_CMIP6-climate-projections.pdf to s3://native-resilience/projections/pdf/Rumsey Indian Rancheria_CMIP6-climate-projections.pdf Could not connect to the endpoint URL: "https://oidc.us-west-2.amazonaws.com/token"
upload failed: upload/pdf/Russian Mission ANVSA_CMIP6-climate-projections.pdf to s3://native-resilience/projections/pdf/Russian Mission ANVSA_CMIP6-climate-projections.pdf Could not connect to the endpoint URL: "https://oidc.us-west-2.amazonaws.com/token"
upload failed: upload/pdf/Sac and Fox Nation Reservation_CMIP6-climate-projections.pdf to s3://native-resilience/projections/pdf/Sac and Fox Nation Reservation_CMIP6-climate-projections.pdf Could not connect to the endpoint URL: "https://oidc.us-west-2.amazonaws.com/token"
upload failed: upload/pdf/Sac and Fox OTSA_CMIP6-climate-projections.pdf to s3://native-resilience/projections/pdf/Sac and Fox OTSA_CMIP6-climate-projections.pdf Could not connect to the endpoint URL: "https://oidc.us-west-2.amazonaws.com/token"
upload failed: upload/pdf/Sac and Fox and Meskwaki Settlement_CMIP6-climate-projections.pdf to s3://native-resilience/projections/pdf/Sac and Fox and Meskwaki Settlement_CMIP6-climate-projections.pdf Could not connect to the endpoint URL: "https://oidc.us-west-2.amazonaws.com/token"
upload failed: upload/pdf/Salamatof ANVSA_CMIP6-climate-projections.pdf to s3://native-resilience/projections/pdf/Salamatof ANVSA_CMIP6-climate-projections.pdf Could not connect to the endpoint URL: "https://oidc.us-west-2.amazonaws.com/token"
upload failed: upload/pdf/Salt River Reservation_CMIP6-climate-projections.pdf to s3://native-resilience/projections/pdf/Salt River Reservation_CMIP6-climate-projections.pdf Could not connect to the endpoint URL: "https://oidc.us-west-2.amazonaws.com/token"
upload failed: upload/pdf/Samish TDSA_CMIP6-climate-projections.pdf to s3://native-resilience/projections/pdf/Samish TDSA_CMIP6-climate-projections.pdf Could not connect to the endpoint URL: "https://oidc.us-west-2.amazonaws.com/token"
upload failed: upload/pdf/San Carlos Reservation_CMIP6-climate-projections.pdf to s3://native-resilience/projections/pdf/San Carlos Reservation_CMIP6-climate-projections.pdf Could not connect to the endpoint URL: "https://oidc.us-west-2.amazonaws.com/token"
upload failed: upload/pdf/San Felipe Pueblo and Santa Ana Pueblo joint-use area_CMIP6-climate-projections.pdf to s3://native-resilience/projections/pdf/San Felipe Pueblo and Santa Ana Pueblo joint-use area_CMIP6-climate-projections.pdf Could not connect to the endpoint URL: "https://oidc.us-west-2.amazonaws.com/token"
upload failed: upload/pdf/San Felipe Pueblo and Santo Domingo Pueblo joint-use area_CMIP6-climate-projections.pdf to s3://native-resilience/projections/pdf/San Felipe Pueblo and Santo Domingo Pueblo joint-use area_CMIP6-climate-projections.pdf Could not connect to the endpoint URL: "https://oidc.us-west-2.amazonaws.com/token"
upload failed: upload/pdf/San Felipe Pueblo_CMIP6-climate-projections.pdf to s3://native-resilience/projections/pdf/San Felipe Pueblo_CMIP6-climate-projections.pdf Could not connect to the endpoint URL: "https://oidc.us-west-2.amazonaws.com/token"
upload failed: upload/pdf/San Ildefonso Pueblo_CMIP6-climate-projections.pdf to s3://native-resilience/projections/pdf/San Ildefonso Pueblo_CMIP6-climate-projections.pdf Could not connect to the endpoint URL: "https://oidc.us-west-2.amazonaws.com/token"
upload failed: upload/pdf/Picayune Rancheria_CMIP6-climate-projections.pdf to s3://native-resilience/projections/pdf/Picayune Rancheria_CMIP6-climate-projections.pdf Could not connect to the endpoint URL: "https://oidc.us-west-2.amazonaws.com/token"
upload failed: upload/pdf/San Pasqual Reservation_CMIP6-climate-projections.pdf to s3://native-resilience/projections/pdf/San Pasqual Reservation_CMIP6-climate-projections.pdf Could not connect to the endpoint URL: "https://oidc.us-west-2.amazonaws.com/token"
upload failed: upload/pdf/Sand Point ANVSA_CMIP6-climate-projections.pdf to s3://native-resilience/projections/pdf/Sand Point ANVSA_CMIP6-climate-projections.pdf Could not connect to the endpoint URL: "https://oidc.us-west-2.amazonaws.com/token"
upload failed: upload/pdf/Pueblo of Pojoaque_CMIP6-climate-projections.pdf to s3://native-resilience/projections/pdf/Pueblo of Pojoaque_CMIP6-climate-projections.pdf Could not connect to the endpoint URL: "https://oidc.us-west-2.amazonaws.com/token"
upload failed: upload/pdf/Sandia Pueblo_CMIP6-climate-projections.pdf to s3://native-resilience/projections/pdf/Sandia Pueblo_CMIP6-climate-projections.pdf Could not connect to the endpoint URL: "https://oidc.us-west-2.amazonaws.com/token"
upload failed: upload/pdf/San Manuel Reservation_CMIP6-climate-projections.pdf to s3://native-resilience/projections/pdf/San Manuel Reservation_CMIP6-climate-projections.pdf Could not connect to the endpoint URL: "https://oidc.us-west-2.amazonaws.com/token"
upload failed: upload/pdf/Santa Rosa Rancheria_CMIP6-climate-projections.pdf to s3://native-resilience/projections/pdf/Santa Rosa Rancheria_CMIP6-climate-projections.pdf Could not connect to the endpoint URL: "https://oidc.us-west-2.amazonaws.com/token"
upload failed: upload/pdf/Santa Rosa Reservation_CMIP6-climate-projections.pdf to s3://native-resilience/projections/pdf/Santa Rosa Reservation_CMIP6-climate-projections.pdf Could not connect to the endpoint URL: "https://oidc.us-west-2.amazonaws.com/token"
upload failed: upload/pdf/Santa Ynez Reservation_CMIP6-climate-projections.pdf to s3://native-resilience/projections/pdf/Santa Ynez Reservation_CMIP6-climate-projections.pdf Could not connect to the endpoint URL: "https://oidc.us-west-2.amazonaws.com/token"
upload failed: upload/pdf/Santa Ysabel Reservation_CMIP6-climate-projections.pdf to s3://native-resilience/projections/pdf/Santa Ysabel Reservation_CMIP6-climate-projections.pdf Could not connect to the endpoint URL: "https://oidc.us-west-2.amazonaws.com/token"
upload failed: upload/pdf/Santee Reservation_CMIP6-climate-projections.pdf to s3://native-resilience/projections/pdf/Santee Reservation_CMIP6-climate-projections.pdf Could not connect to the endpoint URL: "https://oidc.us-west-2.amazonaws.com/token"
upload failed: upload/pdf/Santee SDTSA_CMIP6-climate-projections.pdf to s3://native-resilience/projections/pdf/Santee SDTSA_CMIP6-climate-projections.pdf Could not connect to the endpoint URL: "https://oidc.us-west-2.amazonaws.com/token"
upload failed: upload/pdf/Santo Domingo Pueblo_CMIP6-climate-projections.pdf to s3://native-resilience/projections/pdf/Santo Domingo Pueblo_CMIP6-climate-projections.pdf Could not connect to the endpoint URL: "https://oidc.us-west-2.amazonaws.com/token"
upload failed: upload/pdf/Sappony SDTSA_CMIP6-climate-projections.pdf to s3://native-resilience/projections/pdf/Sappony SDTSA_CMIP6-climate-projections.pdf Could not connect to the endpoint URL: "https://oidc.us-west-2.amazonaws.com/token"
upload failed: upload/pdf/Sauk-Suiattle Reservation_CMIP6-climate-projections.pdf to s3://native-resilience/projections/pdf/Sauk-Suiattle Reservation_CMIP6-climate-projections.pdf Could not connect to the endpoint URL: "https://oidc.us-west-2.amazonaws.com/token"
upload failed: upload/pdf/Sault Ste. Marie Reservation_CMIP6-climate-projections.pdf to s3://native-resilience/projections/pdf/Sault Ste. Marie Reservation_CMIP6-climate-projections.pdf Could not connect to the endpoint URL: "https://oidc.us-west-2.amazonaws.com/token"
upload failed: upload/pdf/Savoonga ANVSA_CMIP6-climate-projections.pdf to s3://native-resilience/projections/pdf/Savoonga ANVSA_CMIP6-climate-projections.pdf Could not connect to the endpoint URL: "https://oidc.us-west-2.amazonaws.com/token"
upload failed: upload/pdf/Saxman ANVSA_CMIP6-climate-projections.pdf to s3://native-resilience/projections/pdf/Saxman ANVSA_CMIP6-climate-projections.pdf Could not connect to the endpoint URL: "https://oidc.us-west-2.amazonaws.com/token"
upload failed: upload/pdf/Scammon Bay ANVSA_CMIP6-climate-projections.pdf to s3://native-resilience/projections/pdf/Scammon Bay ANVSA_CMIP6-climate-projections.pdf Could not connect to the endpoint URL: "https://oidc.us-west-2.amazonaws.com/token"
upload failed: upload/pdf/Schaghticoke (state) Reservation_CMIP6-climate-projections.pdf to s3://native-resilience/projections/pdf/Schaghticoke (state) Reservation_CMIP6-climate-projections.pdf Could not connect to the endpoint URL: "https://oidc.us-west-2.amazonaws.com/token"
upload failed: upload/pdf/Selawik ANVSA_CMIP6-climate-projections.pdf to s3://native-resilience/projections/pdf/Selawik ANVSA_CMIP6-climate-projections.pdf Could not connect to the endpoint URL: "https://oidc.us-west-2.amazonaws.com/token"
upload failed: upload/pdf/Seldovia ANVSA_CMIP6-climate-projections.pdf to s3://native-resilience/projections/pdf/Seldovia ANVSA_CMIP6-climate-projections.pdf Could not connect to the endpoint URL: "https://oidc.us-west-2.amazonaws.com/token"
upload failed: upload/pdf/Seminole OTSA_CMIP6-climate-projections.pdf to s3://native-resilience/projections/pdf/Seminole OTSA_CMIP6-climate-projections.pdf Could not connect to the endpoint URL: "https://oidc.us-west-2.amazonaws.com/token"
upload failed: upload/pdf/Seneca-Cayuga OTSA_CMIP6-climate-projections.pdf to s3://native-resilience/projections/pdf/Seneca-Cayuga OTSA_CMIP6-climate-projections.pdf Could not connect to the endpoint URL: "https://oidc.us-west-2.amazonaws.com/token"
upload failed: upload/pdf/Shageluk ANVSA_CMIP6-climate-projections.pdf to s3://native-resilience/projections/pdf/Shageluk ANVSA_CMIP6-climate-projections.pdf Could not connect to the endpoint URL: "https://oidc.us-west-2.amazonaws.com/token"
upload failed: upload/pdf/Shakopee Mdewakanton Sioux Community_CMIP6-climate-projections.pdf to s3://native-resilience/projections/pdf/Shakopee Mdewakanton Sioux Community_CMIP6-climate-projections.pdf Could not connect to the endpoint URL: "https://oidc.us-west-2.amazonaws.com/token"
upload failed: upload/pdf/Shaktoolik ANVSA_CMIP6-climate-projections.pdf to s3://native-resilience/projections/pdf/Shaktoolik ANVSA_CMIP6-climate-projections.pdf Could not connect to the endpoint URL: "https://oidc.us-west-2.amazonaws.com/token"
upload failed: upload/pdf/Sherwood Valley Rancheria_CMIP6-climate-projections.pdf to s3://native-resilience/projections/pdf/Sherwood Valley Rancheria_CMIP6-climate-projections.pdf Could not connect to the endpoint URL: "https://oidc.us-west-2.amazonaws.com/token"
upload failed: upload/pdf/Shingle Springs Rancheria_CMIP6-climate-projections.pdf to s3://native-resilience/projections/pdf/Shingle Springs Rancheria_CMIP6-climate-projections.pdf Could not connect to the endpoint URL: "https://oidc.us-west-2.amazonaws.com/token"
upload failed: upload/pdf/Shinnecock (state) Reservation_CMIP6-climate-projections.pdf to s3://native-resilience/projections/pdf/Shinnecock (state) Reservation_CMIP6-climate-projections.pdf Could not connect to the endpoint URL: "https://oidc.us-west-2.amazonaws.com/token"
upload failed: upload/pdf/Shishmaref ANVSA_CMIP6-climate-projections.pdf to s3://native-resilience/projections/pdf/Shishmaref ANVSA_CMIP6-climate-projections.pdf Could not connect to the endpoint URL: "https://oidc.us-west-2.amazonaws.com/token"
upload failed: upload/pdf/Prairie Island Indian Community_CMIP6-climate-projections.pdf to s3://native-resilience/projections/pdf/Prairie Island Indian Community_CMIP6-climate-projections.pdf Could not connect to the endpoint URL: "https://oidc.us-west-2.amazonaws.com/token"
upload failed: upload/pdf/Santa Ana Pueblo_CMIP6-climate-projections.pdf to s3://native-resilience/projections/pdf/Santa Ana Pueblo_CMIP6-climate-projections.pdf Could not connect to the endpoint URL: "https://oidc.us-west-2.amazonaws.com/token"
upload failed: upload/pdf/Siletz Reservation_CMIP6-climate-projections.pdf to s3://native-resilience/projections/pdf/Siletz Reservation_CMIP6-climate-projections.pdf Could not connect to the endpoint URL: "https://oidc.us-west-2.amazonaws.com/token"
upload failed: upload/pdf/Sitka ANVSA_CMIP6-climate-projections.pdf to s3://native-resilience/projections/pdf/Sitka ANVSA_CMIP6-climate-projections.pdf Could not connect to the endpoint URL: "https://oidc.us-west-2.amazonaws.com/token"
upload failed: upload/pdf/Shungnak ANVSA_CMIP6-climate-projections.pdf to s3://native-resilience/projections/pdf/Shungnak ANVSA_CMIP6-climate-projections.pdf Could not connect to the endpoint URL: "https://oidc.us-west-2.amazonaws.com/token"
upload failed: upload/pdf/Puyallup Reservation_CMIP6-climate-projections.pdf to s3://native-resilience/projections/pdf/Puyallup Reservation_CMIP6-climate-projections.pdf Could not connect to the endpoint URL: "https://oidc.us-west-2.amazonaws.com/token"
upload failed: upload/pdf/Shoalwater Bay Indian Reservation_CMIP6-climate-projections.pdf to s3://native-resilience/projections/pdf/Shoalwater Bay Indian Reservation_CMIP6-climate-projections.pdf Could not connect to the endpoint URL: "https://oidc.us-west-2.amazonaws.com/token"
upload failed: upload/pdf/Skull Valley Reservation_CMIP6-climate-projections.pdf to s3://native-resilience/projections/pdf/Skull Valley Reservation_CMIP6-climate-projections.pdf Could not connect to the endpoint URL: "https://oidc.us-west-2.amazonaws.com/token"
upload failed: upload/pdf/Skagway ANVSA_CMIP6-climate-projections.pdf to s3://native-resilience/projections/pdf/Skagway ANVSA_CMIP6-climate-projections.pdf Could not connect to the endpoint URL: "https://oidc.us-west-2.amazonaws.com/token"
upload failed: upload/pdf/Snoqualmie Reservation_CMIP6-climate-projections.pdf to s3://native-resilience/projections/pdf/Snoqualmie Reservation_CMIP6-climate-projections.pdf Could not connect to the endpoint URL: "https://oidc.us-west-2.amazonaws.com/token"
upload failed: upload/pdf/Soboba Reservation_CMIP6-climate-projections.pdf to s3://native-resilience/projections/pdf/Soboba Reservation_CMIP6-climate-projections.pdf Could not connect to the endpoint URL: "https://oidc.us-west-2.amazonaws.com/token"
upload failed: upload/pdf/Sokaogon Chippewa Community_CMIP6-climate-projections.pdf to s3://native-resilience/projections/pdf/Sokaogon Chippewa Community_CMIP6-climate-projections.pdf Could not connect to the endpoint URL: "https://oidc.us-west-2.amazonaws.com/token"
upload failed: upload/pdf/Solomon ANVSA_CMIP6-climate-projections.pdf to s3://native-resilience/projections/pdf/Solomon ANVSA_CMIP6-climate-projections.pdf Could not connect to the endpoint URL: "https://oidc.us-west-2.amazonaws.com/token"
upload failed: upload/pdf/South Fork Reservation_CMIP6-climate-projections.pdf to s3://native-resilience/projections/pdf/South Fork Reservation_CMIP6-climate-projections.pdf Could not connect to the endpoint URL: "https://oidc.us-west-2.amazonaws.com/token"
upload failed: upload/pdf/South Naknek ANVSA_CMIP6-climate-projections.pdf to s3://native-resilience/projections/pdf/South Naknek ANVSA_CMIP6-climate-projections.pdf Could not connect to the endpoint URL: "https://oidc.us-west-2.amazonaws.com/token"
upload failed: upload/pdf/Southeastern Mvskoke Nation SDTSA_CMIP6-climate-projections.pdf to s3://native-resilience/projections/pdf/Southeastern Mvskoke Nation SDTSA_CMIP6-climate-projections.pdf Could not connect to the endpoint URL: "https://oidc.us-west-2.amazonaws.com/token"
upload failed: upload/pdf/Southern Ute Reservation_CMIP6-climate-projections.pdf to s3://native-resilience/projections/pdf/Southern Ute Reservation_CMIP6-climate-projections.pdf Could not connect to the endpoint URL: "https://oidc.us-west-2.amazonaws.com/token"
upload failed: upload/pdf/Spirit Lake Reservation_CMIP6-climate-projections.pdf to s3://native-resilience/projections/pdf/Spirit Lake Reservation_CMIP6-climate-projections.pdf Could not connect to the endpoint URL: "https://oidc.us-west-2.amazonaws.com/token"
upload failed: upload/pdf/Spokane Reservation_CMIP6-climate-projections.pdf to s3://native-resilience/projections/pdf/Spokane Reservation_CMIP6-climate-projections.pdf Could not connect to the endpoint URL: "https://oidc.us-west-2.amazonaws.com/token"
upload failed: upload/pdf/Squaxin Island Reservation_CMIP6-climate-projections.pdf to s3://native-resilience/projections/pdf/Squaxin Island Reservation_CMIP6-climate-projections.pdf Could not connect to the endpoint URL: "https://oidc.us-west-2.amazonaws.com/token"
upload failed: upload/pdf/St. Croix Reservation_CMIP6-climate-projections.pdf to s3://native-resilience/projections/pdf/St. Croix Reservation_CMIP6-climate-projections.pdf Could not connect to the endpoint URL: "https://oidc.us-west-2.amazonaws.com/token"
upload failed: upload/pdf/St. George ANVSA_CMIP6-climate-projections.pdf to s3://native-resilience/projections/pdf/St. George ANVSA_CMIP6-climate-projections.pdf Could not connect to the endpoint URL: "https://oidc.us-west-2.amazonaws.com/token"
upload failed: upload/pdf/St. Michael ANVSA_CMIP6-climate-projections.pdf to s3://native-resilience/projections/pdf/St. Michael ANVSA_CMIP6-climate-projections.pdf Could not connect to the endpoint URL: "https://oidc.us-west-2.amazonaws.com/token"
upload failed: upload/pdf/St. Paul ANVSA_CMIP6-climate-projections.pdf to s3://native-resilience/projections/pdf/St. Paul ANVSA_CMIP6-climate-projections.pdf Could not connect to the endpoint URL: "https://oidc.us-west-2.amazonaws.com/token"
upload failed: upload/pdf/St. Regis Mohawk Reservation_CMIP6-climate-projections.pdf to s3://native-resilience/projections/pdf/St. Regis Mohawk Reservation_CMIP6-climate-projections.pdf Could not connect to the endpoint URL: "https://oidc.us-west-2.amazonaws.com/token"
upload failed: upload/pdf/Standing Rock Reservation_CMIP6-climate-projections.pdf to s3://native-resilience/projections/pdf/Standing Rock Reservation_CMIP6-climate-projections.pdf Could not connect to the endpoint URL: "https://oidc.us-west-2.amazonaws.com/token"
upload failed: upload/pdf/Stebbins ANVSA_CMIP6-climate-projections.pdf to s3://native-resilience/projections/pdf/Stebbins ANVSA_CMIP6-climate-projections.pdf Could not connect to the endpoint URL: "https://oidc.us-west-2.amazonaws.com/token"
upload failed: upload/pdf/Stevens Village ANVSA_CMIP6-climate-projections.pdf to s3://native-resilience/projections/pdf/Stevens Village ANVSA_CMIP6-climate-projections.pdf Could not connect to the endpoint URL: "https://oidc.us-west-2.amazonaws.com/token"
upload failed: upload/pdf/Stewart Community_CMIP6-climate-projections.pdf to s3://native-resilience/projections/pdf/Stewart Community_CMIP6-climate-projections.pdf Could not connect to the endpoint URL: "https://oidc.us-west-2.amazonaws.com/token"
upload failed: upload/pdf/Stewarts Point Rancheria_CMIP6-climate-projections.pdf to s3://native-resilience/projections/pdf/Stewarts Point Rancheria_CMIP6-climate-projections.pdf Could not connect to the endpoint URL: "https://oidc.us-west-2.amazonaws.com/token"
upload failed: upload/pdf/Stillaguamish Reservation_CMIP6-climate-projections.pdf to s3://native-resilience/projections/pdf/Stillaguamish Reservation_CMIP6-climate-projections.pdf Could not connect to the endpoint URL: "https://oidc.us-west-2.amazonaws.com/token"
upload failed: upload/pdf/Stockbridge Munsee Community_CMIP6-climate-projections.pdf to s3://native-resilience/projections/pdf/Stockbridge Munsee Community_CMIP6-climate-projections.pdf Could not connect to the endpoint URL: "https://oidc.us-west-2.amazonaws.com/token"
upload failed: upload/pdf/Stony River ANVSA_CMIP6-climate-projections.pdf to s3://native-resilience/projections/pdf/Stony River ANVSA_CMIP6-climate-projections.pdf Could not connect to the endpoint URL: "https://oidc.us-west-2.amazonaws.com/token"
upload failed: upload/pdf/Sulphur Bank Rancheria_CMIP6-climate-projections.pdf to s3://native-resilience/projections/pdf/Sulphur Bank Rancheria_CMIP6-climate-projections.pdf Could not connect to the endpoint URL: "https://oidc.us-west-2.amazonaws.com/token"
upload failed: upload/pdf/Summit Lake Reservation_CMIP6-climate-projections.pdf to s3://native-resilience/projections/pdf/Summit Lake Reservation_CMIP6-climate-projections.pdf Could not connect to the endpoint URL: "https://oidc.us-west-2.amazonaws.com/token"
upload failed: upload/pdf/Susanville Indian Rancheria_CMIP6-climate-projections.pdf to s3://native-resilience/projections/pdf/Susanville Indian Rancheria_CMIP6-climate-projections.pdf Could not connect to the endpoint URL: "https://oidc.us-west-2.amazonaws.com/token"
upload failed: upload/pdf/Swinomish Reservation_CMIP6-climate-projections.pdf to s3://native-resilience/projections/pdf/Swinomish Reservation_CMIP6-climate-projections.pdf Could not connect to the endpoint URL: "https://oidc.us-west-2.amazonaws.com/token"
upload failed: upload/pdf/Sycuan Reservation_CMIP6-climate-projections.pdf to s3://native-resilience/projections/pdf/Sycuan Reservation_CMIP6-climate-projections.pdf Could not connect to the endpoint URL: "https://oidc.us-west-2.amazonaws.com/token"
upload failed: upload/pdf/Table Bluff Reservation_CMIP6-climate-projections.pdf to s3://native-resilience/projections/pdf/Table Bluff Reservation_CMIP6-climate-projections.pdf Could not connect to the endpoint URL: "https://oidc.us-west-2.amazonaws.com/token"
upload failed: upload/pdf/Table Mountain Rancheria_CMIP6-climate-projections.pdf to s3://native-resilience/projections/pdf/Table Mountain Rancheria_CMIP6-climate-projections.pdf Could not connect to the endpoint URL: "https://oidc.us-west-2.amazonaws.com/token"
upload failed: upload/pdf/Takotna ANVSA_CMIP6-climate-projections.pdf to s3://native-resilience/projections/pdf/Takotna ANVSA_CMIP6-climate-projections.pdf Could not connect to the endpoint URL: "https://oidc.us-west-2.amazonaws.com/token"
upload failed: upload/pdf/Tama (state) Reservation_CMIP6-climate-projections.pdf to s3://native-resilience/projections/pdf/Tama (state) Reservation_CMIP6-climate-projections.pdf Could not connect to the endpoint URL: "https://oidc.us-west-2.amazonaws.com/token"
upload failed: upload/pdf/Tampa Reservation_CMIP6-climate-projections.pdf to s3://native-resilience/projections/pdf/Tampa Reservation_CMIP6-climate-projections.pdf Could not connect to the endpoint URL: "https://oidc.us-west-2.amazonaws.com/token"
upload failed: upload/pdf/Tanacross ANVSA_CMIP6-climate-projections.pdf to s3://native-resilience/projections/pdf/Tanacross ANVSA_CMIP6-climate-projections.pdf Could not connect to the endpoint URL: "https://oidc.us-west-2.amazonaws.com/token"
upload failed: upload/pdf/Tanana ANVSA_CMIP6-climate-projections.pdf to s3://native-resilience/projections/pdf/Tanana ANVSA_CMIP6-climate-projections.pdf Could not connect to the endpoint URL: "https://oidc.us-west-2.amazonaws.com/token"
upload failed: upload/pdf/Sleetmute ANVSA_CMIP6-climate-projections.pdf to s3://native-resilience/projections/pdf/Sleetmute ANVSA_CMIP6-climate-projections.pdf Could not connect to the endpoint URL: "https://oidc.us-west-2.amazonaws.com/token"
upload failed: upload/pdf/Santa Clara Pueblo_CMIP6-climate-projections.pdf to s3://native-resilience/projections/pdf/Santa Clara Pueblo_CMIP6-climate-projections.pdf Could not connect to the endpoint URL: "https://oidc.us-west-2.amazonaws.com/token"
upload failed: upload/pdf/Tazlina ANVSA_CMIP6-climate-projections.pdf to s3://native-resilience/projections/pdf/Tazlina ANVSA_CMIP6-climate-projections.pdf Could not connect to the endpoint URL: "https://oidc.us-west-2.amazonaws.com/token"
upload failed: upload/pdf/Tatitlek ANVSA_CMIP6-climate-projections.pdf to s3://native-resilience/projections/pdf/Tatitlek ANVSA_CMIP6-climate-projections.pdf Could not connect to the endpoint URL: "https://oidc.us-west-2.amazonaws.com/token"
upload failed: upload/pdf/Smith River Rancheria_CMIP6-climate-projections.pdf to s3://native-resilience/projections/pdf/Smith River Rancheria_CMIP6-climate-projections.pdf Could not connect to the endpoint URL: "https://oidc.us-west-2.amazonaws.com/token"
upload failed: upload/pdf/Tesuque Pueblo_CMIP6-climate-projections.pdf to s3://native-resilience/projections/pdf/Tesuque Pueblo_CMIP6-climate-projections.pdf Could not connect to the endpoint URL: "https://oidc.us-west-2.amazonaws.com/token"
upload failed: upload/pdf/Tetlin ANVSA_CMIP6-climate-projections.pdf to s3://native-resilience/projections/pdf/Tetlin ANVSA_CMIP6-climate-projections.pdf Could not connect to the endpoint URL: "https://oidc.us-west-2.amazonaws.com/token"
upload failed: upload/pdf/Timbi-Sha Shoshone Reservation_CMIP6-climate-projections.pdf to s3://native-resilience/projections/pdf/Timbi-Sha Shoshone Reservation_CMIP6-climate-projections.pdf Could not connect to the endpoint URL: "https://oidc.us-west-2.amazonaws.com/token"
upload failed: upload/pdf/Togiak ANVSA_CMIP6-climate-projections.pdf to s3://native-resilience/projections/pdf/Togiak ANVSA_CMIP6-climate-projections.pdf Could not connect to the endpoint URL: "https://oidc.us-west-2.amazonaws.com/token"
upload failed: upload/pdf/Tohono O'odham Nation Reservation_CMIP6-climate-projections.pdf to s3://native-resilience/projections/pdf/Tohono O'odham Nation Reservation_CMIP6-climate-projections.pdf Could not connect to the endpoint URL: "https://oidc.us-west-2.amazonaws.com/token"
upload failed: upload/pdf/Toksook Bay ANVSA_CMIP6-climate-projections.pdf to s3://native-resilience/projections/pdf/Toksook Bay ANVSA_CMIP6-climate-projections.pdf Could not connect to the endpoint URL: "https://oidc.us-west-2.amazonaws.com/token"
upload failed: upload/pdf/Tonawanda Reservation_CMIP6-climate-projections.pdf to s3://native-resilience/projections/pdf/Tonawanda Reservation_CMIP6-climate-projections.pdf Could not connect to the endpoint URL: "https://oidc.us-west-2.amazonaws.com/token"
upload failed: upload/pdf/Tonkawa OTSA_CMIP6-climate-projections.pdf to s3://native-resilience/projections/pdf/Tonkawa OTSA_CMIP6-climate-projections.pdf Could not connect to the endpoint URL: "https://oidc.us-west-2.amazonaws.com/token"
upload failed: upload/pdf/Tonto Apache Reservation_CMIP6-climate-projections.pdf to s3://native-resilience/projections/pdf/Tonto Apache Reservation_CMIP6-climate-projections.pdf Could not connect to the endpoint URL: "https://oidc.us-west-2.amazonaws.com/token"
upload failed: upload/pdf/Torres-Martinez Reservation_CMIP6-climate-projections.pdf to s3://native-resilience/projections/pdf/Torres-Martinez Reservation_CMIP6-climate-projections.pdf Could not connect to the endpoint URL: "https://oidc.us-west-2.amazonaws.com/token"
upload failed: upload/pdf/Trinidad Rancheria_CMIP6-climate-projections.pdf to s3://native-resilience/projections/pdf/Trinidad Rancheria_CMIP6-climate-projections.pdf Could not connect to the endpoint URL: "https://oidc.us-west-2.amazonaws.com/token"
upload failed: upload/pdf/Tulalip Reservation_CMIP6-climate-projections.pdf to s3://native-resilience/projections/pdf/Tulalip Reservation_CMIP6-climate-projections.pdf Could not connect to the endpoint URL: "https://oidc.us-west-2.amazonaws.com/token"
upload failed: upload/pdf/Tule River Reservation_CMIP6-climate-projections.pdf to s3://native-resilience/projections/pdf/Tule River Reservation_CMIP6-climate-projections.pdf Could not connect to the endpoint URL: "https://oidc.us-west-2.amazonaws.com/token"
upload failed: upload/pdf/Tuluksak ANVSA_CMIP6-climate-projections.pdf to s3://native-resilience/projections/pdf/Tuluksak ANVSA_CMIP6-climate-projections.pdf Could not connect to the endpoint URL: "https://oidc.us-west-2.amazonaws.com/token"
upload failed: upload/pdf/Tunica-Biloxi Reservation_CMIP6-climate-projections.pdf to s3://native-resilience/projections/pdf/Tunica-Biloxi Reservation_CMIP6-climate-projections.pdf Could not connect to the endpoint URL: "https://oidc.us-west-2.amazonaws.com/token"
upload failed: upload/pdf/Tuntutuliak ANVSA_CMIP6-climate-projections.pdf to s3://native-resilience/projections/pdf/Tuntutuliak ANVSA_CMIP6-climate-projections.pdf Could not connect to the endpoint URL: "https://oidc.us-west-2.amazonaws.com/token"
upload failed: upload/pdf/Tununak ANVSA_CMIP6-climate-projections.pdf to s3://native-resilience/projections/pdf/Tununak ANVSA_CMIP6-climate-projections.pdf Could not connect to the endpoint URL: "https://oidc.us-west-2.amazonaws.com/token"
upload failed: upload/pdf/Tuolumne Rancheria_CMIP6-climate-projections.pdf to s3://native-resilience/projections/pdf/Tuolumne Rancheria_CMIP6-climate-projections.pdf Could not connect to the endpoint URL: "https://oidc.us-west-2.amazonaws.com/token"
upload failed: upload/pdf/Turtle Mountain Reservation_CMIP6-climate-projections.pdf to s3://native-resilience/projections/pdf/Turtle Mountain Reservation_CMIP6-climate-projections.pdf Could not connect to the endpoint URL: "https://oidc.us-west-2.amazonaws.com/token"
upload failed: upload/pdf/Tuscarora Nation Reservation_CMIP6-climate-projections.pdf to s3://native-resilience/projections/pdf/Tuscarora Nation Reservation_CMIP6-climate-projections.pdf Could not connect to the endpoint URL: "https://oidc.us-west-2.amazonaws.com/token"
upload failed: upload/pdf/Twenty-Nine Palms Reservation_CMIP6-climate-projections.pdf to s3://native-resilience/projections/pdf/Twenty-Nine Palms Reservation_CMIP6-climate-projections.pdf Could not connect to the endpoint URL: "https://oidc.us-west-2.amazonaws.com/token"
upload failed: upload/pdf/Twin Hills ANVSA_CMIP6-climate-projections.pdf to s3://native-resilience/projections/pdf/Twin Hills ANVSA_CMIP6-climate-projections.pdf Could not connect to the endpoint URL: "https://oidc.us-west-2.amazonaws.com/token"
upload failed: upload/pdf/Tyonek ANVSA_CMIP6-climate-projections.pdf to s3://native-resilience/projections/pdf/Tyonek ANVSA_CMIP6-climate-projections.pdf Could not connect to the endpoint URL: "https://oidc.us-west-2.amazonaws.com/token"
upload failed: upload/pdf/Ugashik ANVSA_CMIP6-climate-projections.pdf to s3://native-resilience/projections/pdf/Ugashik ANVSA_CMIP6-climate-projections.pdf Could not connect to the endpoint URL: "https://oidc.us-west-2.amazonaws.com/token"
upload failed: upload/pdf/Uintah and Ouray Reservation_CMIP6-climate-projections.pdf to s3://native-resilience/projections/pdf/Uintah and Ouray Reservation_CMIP6-climate-projections.pdf Could not connect to the endpoint URL: "https://oidc.us-west-2.amazonaws.com/token"
upload failed: upload/pdf/Umatilla Reservation_CMIP6-climate-projections.pdf to s3://native-resilience/projections/pdf/Umatilla Reservation_CMIP6-climate-projections.pdf Could not connect to the endpoint URL: "https://oidc.us-west-2.amazonaws.com/token"
upload failed: upload/pdf/Unalakleet ANVSA_CMIP6-climate-projections.pdf to s3://native-resilience/projections/pdf/Unalakleet ANVSA_CMIP6-climate-projections.pdf Could not connect to the endpoint URL: "https://oidc.us-west-2.amazonaws.com/token"
upload failed: upload/pdf/Unalaska ANVSA_CMIP6-climate-projections.pdf to s3://native-resilience/projections/pdf/Unalaska ANVSA_CMIP6-climate-projections.pdf Could not connect to the endpoint URL: "https://oidc.us-west-2.amazonaws.com/token"
upload failed: upload/pdf/United Cherokee Ani-Yun-Wiya Nation SDTSA_CMIP6-climate-projections.pdf to s3://native-resilience/projections/pdf/United Cherokee Ani-Yun-Wiya Nation SDTSA_CMIP6-climate-projections.pdf Could not connect to the endpoint URL: "https://oidc.us-west-2.amazonaws.com/token"
upload failed: upload/pdf/United Houma Nation SDTSA_CMIP6-climate-projections.pdf to s3://native-resilience/projections/pdf/United Houma Nation SDTSA_CMIP6-climate-projections.pdf Could not connect to the endpoint URL: "https://oidc.us-west-2.amazonaws.com/token"
upload failed: upload/pdf/Upper Lake Rancheria_CMIP6-climate-projections.pdf to s3://native-resilience/projections/pdf/Upper Lake Rancheria_CMIP6-climate-projections.pdf Could not connect to the endpoint URL: "https://oidc.us-west-2.amazonaws.com/token"
upload failed: upload/pdf/Upper Sioux Community_CMIP6-climate-projections.pdf to s3://native-resilience/projections/pdf/Upper Sioux Community_CMIP6-climate-projections.pdf Could not connect to the endpoint URL: "https://oidc.us-west-2.amazonaws.com/token"
upload failed: upload/pdf/Upper Skagit Reservation_CMIP6-climate-projections.pdf to s3://native-resilience/projections/pdf/Upper Skagit Reservation_CMIP6-climate-projections.pdf Could not connect to the endpoint URL: "https://oidc.us-west-2.amazonaws.com/token"
upload failed: upload/pdf/Upper South Carolina Pee Dee SDTSA_CMIP6-climate-projections.pdf to s3://native-resilience/projections/pdf/Upper South Carolina Pee Dee SDTSA_CMIP6-climate-projections.pdf Could not connect to the endpoint URL: "https://oidc.us-west-2.amazonaws.com/token"
upload failed: upload/pdf/Ute Mountain Reservation_CMIP6-climate-projections.pdf to s3://native-resilience/projections/pdf/Ute Mountain Reservation_CMIP6-climate-projections.pdf Could not connect to the endpoint URL: "https://oidc.us-west-2.amazonaws.com/token"
upload failed: upload/pdf/Teller ANVSA_CMIP6-climate-projections.pdf to s3://native-resilience/projections/pdf/Teller ANVSA_CMIP6-climate-projections.pdf Could not connect to the endpoint URL: "https://oidc.us-west-2.amazonaws.com/token"
upload failed: upload/pdf/Venetie ANVSA_CMIP6-climate-projections.pdf to s3://native-resilience/projections/pdf/Venetie ANVSA_CMIP6-climate-projections.pdf Could not connect to the endpoint URL: "https://oidc.us-west-2.amazonaws.com/token"
upload failed: upload/pdf/Viejas Reservation_CMIP6-climate-projections.pdf to s3://native-resilience/projections/pdf/Viejas Reservation_CMIP6-climate-projections.pdf Could not connect to the endpoint URL: "https://oidc.us-west-2.amazonaws.com/token"
upload failed: upload/pdf/Waccamaw SDTSA_CMIP6-climate-projections.pdf to s3://native-resilience/projections/pdf/Waccamaw SDTSA_CMIP6-climate-projections.pdf Could not connect to the endpoint URL: "https://oidc.us-west-2.amazonaws.com/token"
upload failed: upload/pdf/Waccamaw Siouan SDTSA_CMIP6-climate-projections.pdf to s3://native-resilience/projections/pdf/Waccamaw Siouan SDTSA_CMIP6-climate-projections.pdf Could not connect to the endpoint URL: "https://oidc.us-west-2.amazonaws.com/token"
upload failed: upload/pdf/Taos Pueblo_CMIP6-climate-projections.pdf to s3://native-resilience/projections/pdf/Taos Pueblo_CMIP6-climate-projections.pdf Could not connect to the endpoint URL: "https://oidc.us-west-2.amazonaws.com/token"
upload failed: upload/pdf/Telida ANVSA_CMIP6-climate-projections.pdf to s3://native-resilience/projections/pdf/Telida ANVSA_CMIP6-climate-projections.pdf Could not connect to the endpoint URL: "https://oidc.us-west-2.amazonaws.com/token"
upload failed: upload/pdf/Walker River Reservation_CMIP6-climate-projections.pdf to s3://native-resilience/projections/pdf/Walker River Reservation_CMIP6-climate-projections.pdf Could not connect to the endpoint URL: "https://oidc.us-west-2.amazonaws.com/token"
upload failed: upload/pdf/Wales ANVSA_CMIP6-climate-projections.pdf to s3://native-resilience/projections/pdf/Wales ANVSA_CMIP6-climate-projections.pdf Could not connect to the endpoint URL: "https://oidc.us-west-2.amazonaws.com/token"
upload failed: upload/pdf/Warm Springs Reservation_CMIP6-climate-projections.pdf to s3://native-resilience/projections/pdf/Warm Springs Reservation_CMIP6-climate-projections.pdf Could not connect to the endpoint URL: "https://oidc.us-west-2.amazonaws.com/token"
upload failed: upload/pdf/Uyak ANVSA_CMIP6-climate-projections.pdf to s3://native-resilience/projections/pdf/Uyak ANVSA_CMIP6-climate-projections.pdf Could not connect to the endpoint URL: "https://oidc.us-west-2.amazonaws.com/token"
upload failed: upload/pdf/White Earth Reservation_CMIP6-climate-projections.pdf to s3://native-resilience/projections/pdf/White Earth Reservation_CMIP6-climate-projections.pdf Could not connect to the endpoint URL: "https://oidc.us-west-2.amazonaws.com/token"
upload failed: upload/pdf/White Mountain ANVSA_CMIP6-climate-projections.pdf to s3://native-resilience/projections/pdf/White Mountain ANVSA_CMIP6-climate-projections.pdf Could not connect to the endpoint URL: "https://oidc.us-west-2.amazonaws.com/token"
upload failed: upload/pdf/Wind River Reservation_CMIP6-climate-projections.pdf to s3://native-resilience/projections/pdf/Wind River Reservation_CMIP6-climate-projections.pdf Could not connect to the endpoint URL: "https://oidc.us-west-2.amazonaws.com/token"
upload failed: upload/pdf/Winnebago Reservation_CMIP6-climate-projections.pdf to s3://native-resilience/projections/pdf/Winnebago Reservation_CMIP6-climate-projections.pdf Could not connect to the endpoint URL: "https://oidc.us-west-2.amazonaws.com/token"
upload failed: upload/pdf/Winnemucca Indian Colony_CMIP6-climate-projections.pdf to s3://native-resilience/projections/pdf/Winnemucca Indian Colony_CMIP6-climate-projections.pdf Could not connect to the endpoint URL: "https://oidc.us-west-2.amazonaws.com/token"
upload failed: upload/pdf/Woodfords Community_CMIP6-climate-projections.pdf to s3://native-resilience/projections/pdf/Woodfords Community_CMIP6-climate-projections.pdf Could not connect to the endpoint URL: "https://oidc.us-west-2.amazonaws.com/token"
upload failed: upload/pdf/Wrangell ANVSA_CMIP6-climate-projections.pdf to s3://native-resilience/projections/pdf/Wrangell ANVSA_CMIP6-climate-projections.pdf Could not connect to the endpoint URL: "https://oidc.us-west-2.amazonaws.com/token"
upload failed: upload/pdf/Wyandotte OTSA_CMIP6-climate-projections.pdf to s3://native-resilience/projections/pdf/Wyandotte OTSA_CMIP6-climate-projections.pdf Could not connect to the endpoint URL: "https://oidc.us-west-2.amazonaws.com/token"
upload failed: upload/pdf/XL Ranch Rancheria_CMIP6-climate-projections.pdf to s3://native-resilience/projections/pdf/XL Ranch Rancheria_CMIP6-climate-projections.pdf Could not connect to the endpoint URL: "https://oidc.us-west-2.amazonaws.com/token"
upload failed: upload/pdf/Yakama Nation Reservation_CMIP6-climate-projections.pdf to s3://native-resilience/projections/pdf/Yakama Nation Reservation_CMIP6-climate-projections.pdf Could not connect to the endpoint URL: "https://oidc.us-west-2.amazonaws.com/token"
upload failed: upload/pdf/Yakutat ANVSA_CMIP6-climate-projections.pdf to s3://native-resilience/projections/pdf/Yakutat ANVSA_CMIP6-climate-projections.pdf Could not connect to the endpoint URL: "https://oidc.us-west-2.amazonaws.com/token"
upload failed: upload/pdf/Yankton Reservation_CMIP6-climate-projections.pdf to s3://native-resilience/projections/pdf/Yankton Reservation_CMIP6-climate-projections.pdf Could not connect to the endpoint URL: "https://oidc.us-west-2.amazonaws.com/token"
upload failed: upload/pdf/Wassamasaw SDTSA_CMIP6-climate-projections.pdf to s3://native-resilience/projections/pdf/Wassamasaw SDTSA_CMIP6-climate-projections.pdf Could not connect to the endpoint URL: "https://oidc.us-west-2.amazonaws.com/token"
upload failed: upload/pdf/Yavapai-Prescott Reservation_CMIP6-climate-projections.pdf to s3://native-resilience/projections/pdf/Yavapai-Prescott Reservation_CMIP6-climate-projections.pdf Could not connect to the endpoint URL: "https://oidc.us-west-2.amazonaws.com/token"
upload failed: upload/pdf/Wells Colony_CMIP6-climate-projections.pdf to s3://native-resilience/projections/pdf/Wells Colony_CMIP6-climate-projections.pdf Could not connect to the endpoint URL: "https://oidc.us-west-2.amazonaws.com/token"
upload failed: upload/pdf/Yomba Reservation_CMIP6-climate-projections.pdf to s3://native-resilience/projections/pdf/Yomba Reservation_CMIP6-climate-projections.pdf Could not connect to the endpoint URL: "https://oidc.us-west-2.amazonaws.com/token"
upload failed: upload/pdf/Ysleta del Sur Pueblo_CMIP6-climate-projections.pdf to s3://native-resilience/projections/pdf/Ysleta del Sur Pueblo_CMIP6-climate-projections.pdf Could not connect to the endpoint URL: "https://oidc.us-west-2.amazonaws.com/token"
upload failed: upload/pdf/Yurok Reservation_CMIP6-climate-projections.pdf to s3://native-resilience/projections/pdf/Yurok Reservation_CMIP6-climate-projections.pdf Could not connect to the endpoint URL: "https://oidc.us-west-2.amazonaws.com/token"
upload failed: upload/pdf/Zia Pueblo_CMIP6-climate-projections.pdf to s3://native-resilience/projections/pdf/Zia Pueblo_CMIP6-climate-projections.pdf Could not connect to the endpoint URL: "https://oidc.us-west-2.amazonaws.com/token"
upload failed: upload/pdf/Zuni Reservation_CMIP6-climate-projections.pdf to s3://native-resilience/projections/pdf/Zuni Reservation_CMIP6-climate-projections.pdf Could not connect to the endpoint URL: "https://oidc.us-west-2.amazonaws.com/token"
upload failed: upload/pdf/Skokomish Reservation_CMIP6-climate-projections.pdf to s3://native-resilience/projections/pdf/Skokomish Reservation_CMIP6-climate-projections.pdf Could not connect to the endpoint URL: "https://oidc.us-west-2.amazonaws.com/token"
upload failed: upload/pdf/Yerington Colony_CMIP6-climate-projections.pdf to s3://native-resilience/projections/pdf/Yerington Colony_CMIP6-climate-projections.pdf Could not connect to the endpoint URL: "https://oidc.us-west-2.amazonaws.com/token"
upload failed: upload/pdf/Wainwright ANVSA_CMIP6-climate-projections.pdf to s3://native-resilience/projections/pdf/Wainwright ANVSA_CMIP6-climate-projections.pdf Could not connect to the endpoint URL: "https://oidc.us-west-2.amazonaws.com/token"
upload failed: upload/pdf/Yavapai-Apache Nation Reservation_CMIP6-climate-projections.pdf to s3://native-resilience/projections/pdf/Yavapai-Apache Nation Reservation_CMIP6-climate-projections.pdf Could not connect to the endpoint URL: "https://oidc.us-west-2.amazonaws.com/token"
Error in `processx::run("aws", c(args, s3_profile_args()), echo = echo)`:
! System command 'aws' failed
---
Exit status: 1
stdout & stderr: <printed>
---
Backtrace:
1. global s3_push(s3_bucket_name, s3_prefix, staging, delete = FALSE)
2. global s3_run(...)
3. processx::run("aws", c(args, s3_profile_args()), echo = echo)
4. processx:::throw(...)
Execution halted
